-- MariaDB dump 10.19  Distrib 10.5.12-MariaDB, for Linux (x86_64)
--
-- Host: mysql.hostinger.ro    Database: u574849695_23
-- ------------------------------------------------------
-- Server version	10.5.12-MariaDB-cll-lve

/*!40101 SET @OLD_CHARACTER_SET_CLIENT=@@CHARACTER_SET_CLIENT */;
/*!40101 SET @OLD_CHARACTER_SET_RESULTS=@@CHARACTER_SET_RESULTS */;
/*!40101 SET @OLD_COLLATION_CONNECTION=@@COLLATION_CONNECTION */;
/*!40101 SET NAMES utf8mb4 */;
/*!40103 SET @OLD_TIME_ZONE=@@TIME_ZONE */;
/*!40103 SET TIME_ZONE='+00:00' */;
/*!40014 SET @OLD_UNIQUE_CHECKS=@@UNIQUE_CHECKS, UNIQUE_CHECKS=0 */;
/*!40014 SET @OLD_FOREIGN_KEY_CHECKS=@@FOREIGN_KEY_CHECKS, FOREIGN_KEY_CHECKS=0 */;
/*!40101 SET @OLD_SQL_MODE=@@SQL_MODE, SQL_MODE='NO_AUTO_VALUE_ON_ZERO' */;
/*!40111 SET @OLD_SQL_NOTES=@@SQL_NOTES, SQL_NOTES=0 */;

--
-- Table structure for table `clients`
--

DROP TABLE IF EXISTS `clients`;
/*!40101 SET @saved_cs_client     = @@character_set_client */;
/*!40101 SET character_set_client = utf8 */;
CREATE TABLE `clients` (
  `id` bigint(20) unsigned NOT NULL AUTO_INCREMENT,
  `lastname` varchar(50) COLLATE utf8mb4_unicode_ci DEFAULT NULL COMMENT 'Фамилия',
  `firstname` varchar(50) COLLATE utf8mb4_unicode_ci DEFAULT NULL COMMENT 'Имя',
  `patronymic` varchar(50) COLLATE utf8mb4_unicode_ci DEFAULT NULL COMMENT 'Отчество',
  `email` varchar(120) COLLATE utf8mb4_unicode_ci DEFAULT NULL,
  `phone` bigint(20) DEFAULT NULL,
  `gender` enum('f','m','NULL') COLLATE utf8mb4_unicode_ci DEFAULT NULL,
  PRIMARY KEY (`id`),
  UNIQUE KEY `email` (`email`),
  KEY `users_lastname_idx` (`lastname`)
) ENGINE=InnoDB AUTO_INCREMENT=101 DEFAULT CHARSET=utf8mb4 COLLATE=utf8mb4_unicode_ci COMMENT='Информация о клиенте';
/*!40101 SET character_set_client = @saved_cs_client */;

--
-- Dumping data for table `clients`
--

LOCK TABLES `clients` WRITE;
/*!40000 ALTER TABLE `clients` DISABLE KEYS */;
INSERT INTO `clients` VALUES (1,'Conn','Patricia',NULL,'jacobs.savannah@example.net',1,'m'),(2,'Green','Alexanne',NULL,'hoeger.destiney@example.com',550355,'NULL'),(3,'Lesch','Kyle',NULL,'scot.o\'reilly@example.com',413329,'NULL'),(4,'Ward','Aiden',NULL,'smitham.chauncey@example.com',960,'m'),(5,'Beier','Albina',NULL,'rutherford.junius@example.org',6474620027,'NULL'),(6,'Torphy','Austen',NULL,'ldibbert@example.net',736,'m'),(7,'Satterfield','Fanny',NULL,'gbogan@example.net',1,'f'),(8,'Wilkinson','Antwan',NULL,'barrows.theresa@example.org',8564159480,'m'),(9,'Tillman','Violet',NULL,'ana61@example.net',1,'NULL'),(10,'Gutmann','Catharine',NULL,'zbergnaum@example.net',78,'f'),(11,'Hodkiewicz','Adriel',NULL,'sanford.gina@example.com',732,'f'),(12,'Boehm','Cleora',NULL,'o\'connell.obie@example.net',1,'m'),(13,'O\'Conner','Garry',NULL,'guadalupe58@example.com',110577,'m'),(14,'Swift','Freida',NULL,'therese48@example.net',0,'m'),(15,'Buckridge','Guiseppe',NULL,'dach.lorna@example.org',377352,'f'),(16,'Jaskolski','Keeley',NULL,'terrence.weissnat@example.com',312413,'m'),(17,'Wiza','Kylee',NULL,'qmcclure@example.org',541646,'f'),(18,'Lesch','Zoe',NULL,'schuyler.schroeder@example.net',4603237576,'m'),(19,'Terry','Janae',NULL,'josue85@example.org',85,'NULL'),(20,'Macejkovic','Cassandre',NULL,'braden.borer@example.com',57,'m'),(21,'Kirlin','Mervin',NULL,'kuhlman.kameron@example.org',0,'f'),(22,'Greenfelder','Javonte',NULL,'dandre48@example.org',463823,'m'),(23,'Marquardt','Kassandra',NULL,'hirthe.selena@example.net',0,'f'),(24,'Fay','Danielle',NULL,'jacinthe30@example.net',45450,'f'),(25,'Rice','Devan',NULL,'neal34@example.org',57,'m'),(26,'Keebler','Thaddeus',NULL,'zmcdermott@example.com',1,'f'),(27,'Abshire','Layla',NULL,'onienow@example.com',73,'f'),(28,'Becker','Michaela',NULL,'nstoltenberg@example.com',0,'m'),(29,'Skiles','Alejandrin',NULL,'predovic.jackeline@example.com',1,'m'),(30,'Frami','Tyrell',NULL,'marcus.wunsch@example.net',5392134832,'NULL'),(31,'Monahan','Nicholas',NULL,'mae.feeney@example.org',0,'f'),(32,'Hermiston','Brown',NULL,'cordell23@example.com',457618,'NULL'),(33,'Kub','Miller',NULL,'bernardo79@example.org',551529,'m'),(34,'Hoeger','Jordi',NULL,'hmurray@example.com',1,'f'),(35,'D\'Amore','Hailey',NULL,'dharvey@example.net',575,'m'),(36,'Johnston','Kraig',NULL,'augusta15@example.com',1,'m'),(37,'Bauch','Gardner',NULL,'vabshire@example.com',354,'NULL'),(38,'Blick','Blanche',NULL,'kschowalter@example.com',1,'m'),(39,'Pagac','Karlee',NULL,'kling.anissa@example.net',542,'NULL'),(40,'Schmitt','Deondre',NULL,'crohan@example.com',318459,'f'),(41,'Gerhold','Euna',NULL,'ganderson@example.org',955,'m'),(42,'Bayer','Maybell',NULL,'lea.fahey@example.com',949,'m'),(43,'Runte','Lowell',NULL,'mokuneva@example.org',1,'NULL'),(44,'Cummings','Erik',NULL,'johns.randi@example.com',546375505,'m'),(45,'Reinger','Katelyn',NULL,'christelle.goodwin@example.com',7310396926,'f'),(46,'Weimann','Cordelia',NULL,'mable.bayer@example.net',1,'m'),(47,'Gutmann','Daniella',NULL,'fdickinson@example.net',5751573515,'m'),(48,'Moen','Alta',NULL,'bode.prudence@example.net',0,'m'),(49,'Fahey','Helen',NULL,'kreiger.deanna@example.org',4982465365,'NULL'),(50,'Nader','Sean',NULL,'collins.monte@example.com',0,'NULL'),(51,'Prosacco','Payton',NULL,'luisa.goyette@example.com',165,'f'),(52,'Labadie','Bobbie',NULL,'jailyn43@example.net',407,'m'),(53,'Cole','Johnathan',NULL,'emory21@example.org',0,'f'),(54,'Yundt','Bertha',NULL,'roob.regan@example.org',8830897070,'m'),(55,'Kuvalis','Deonte',NULL,'gail.o\'connell@example.org',17292,'m'),(56,'O\'Conner','Vernice',NULL,'breitenberg.libby@example.com',55663,'f'),(57,'Christiansen','Yolanda',NULL,'twila08@example.com',840307,'m'),(58,'Gleichner','Raegan',NULL,'lavern93@example.net',0,'m'),(59,'Konopelski','Manley',NULL,'candelario42@example.net',308340,'m'),(60,'Dare','Edward',NULL,'acummings@example.com',361105,'NULL'),(61,'Altenwerth','Maxie',NULL,'effertz.clarissa@example.com',1,'f'),(62,'Ferry','Dayne',NULL,'kristian19@example.com',607678,'f'),(63,'Bahringer','Estell',NULL,'leonel10@example.org',101854,'f'),(64,'Smith','Talon',NULL,'rita47@example.org',48,'m'),(65,'Christiansen','Isabel',NULL,'fisher.orrin@example.net',0,'m'),(66,'Hills','Constantin',NULL,'godfrey.kirlin@example.net',9150593848,'m'),(67,'Green','Verner',NULL,'cbauch@example.org',1,'m'),(68,'Huels','Mina',NULL,'chaim48@example.com',106601,'f'),(69,'Heathcote','Lauretta',NULL,'pamela.mraz@example.org',130,'NULL'),(70,'Paucek','Amelie',NULL,'obeatty@example.net',695,'m'),(71,'Koch','Zula',NULL,'bartoletti.camille@example.net',98952,'NULL'),(72,'O\'Conner','Mervin',NULL,'anjali.hauck@example.net',0,'NULL'),(73,'Wuckert','Herta',NULL,'bryon.gorczany@example.com',691745,'NULL'),(74,'Harvey','Shirley',NULL,'alicia.steuber@example.net',375931099,'m'),(75,'Reilly','Clovis',NULL,'lynch.haskell@example.org',0,'NULL'),(76,'Gorczany','Yasmine',NULL,'ernest35@example.org',57,'NULL'),(77,'Wilkinson','Waino',NULL,'donnelly.earl@example.com',0,'f'),(78,'Brakus','Emilia',NULL,'lberge@example.org',394,'NULL'),(79,'Hoppe','Alejandra',NULL,'mabel97@example.com',897,'f'),(80,'Herzog','Maxine',NULL,'reichel.cyrus@example.org',77,'m'),(81,'Mills','Stacy',NULL,'hoeger.spencer@example.org',1,'m'),(82,'Schmitt','Jordi',NULL,'brandy.yundt@example.net',5,'f'),(83,'Cormier','Lorenz',NULL,'avandervort@example.net',1,'NULL'),(84,'Luettgen','Hyman',NULL,'steuber.allie@example.com',1,'m'),(85,'Effertz','Magnus',NULL,'murray.estefania@example.com',529,'NULL'),(86,'Collins','Hudson',NULL,'chase.beer@example.org',1,'m'),(87,'Schinner','Ophelia',NULL,'melany.murray@example.org',943,'f'),(88,'Gibson','Cynthia',NULL,'igoyette@example.net',5580724134,'NULL'),(89,'Maggio','Dena',NULL,'dickinson.marisa@example.com',322,'NULL'),(90,'Stamm','Marcellus',NULL,'stiedemann.iliana@example.net',68,'f'),(91,'Fadel','Arlo',NULL,'carmel29@example.com',284375,'m'),(92,'Schroeder','Americo',NULL,'lking@example.org',0,'m'),(93,'Macejkovic','Paris',NULL,'eleonore21@example.org',4082163225,'m'),(94,'Sipes','Sherwood',NULL,'aklocko@example.org',489,'f'),(95,'Green','Judge',NULL,'sophia.witting@example.com',1,'NULL'),(96,'Fritsch','Abraham',NULL,'xkrajcik@example.net',110400,'f'),(97,'Toy','Claudie',NULL,'norris.franecki@example.org',1,'m'),(98,'Connelly','Bernardo',NULL,'lauriane.weissnat@example.net',207,'f'),(99,'Mante','Ruthie',NULL,'tina11@example.org',39,'m'),(100,'Hammes','Hope',NULL,'marks.eric@example.com',1,'m');
/*!40000 ALTER TABLE `clients` ENABLE KEYS */;
UNLOCK TABLES;

--
-- Table structure for table `complex_gene`
--

DROP TABLE IF EXISTS `complex_gene`;
/*!40101 SET @saved_cs_client     = @@character_set_client */;
/*!40101 SET character_set_client = utf8 */;
CREATE TABLE `complex_gene` (
  `complex_with_gene_id` bigint(20) unsigned NOT NULL,
  `genes_id` bigint(20) unsigned NOT NULL,
  PRIMARY KEY (`complex_with_gene_id`,`genes_id`),
  KEY `genes_id` (`genes_id`),
  CONSTRAINT `complex_gene_ibfk_1` FOREIGN KEY (`complex_with_gene_id`) REFERENCES `complex_with_gene` (`id`) ON DELETE CASCADE ON UPDATE CASCADE,
  CONSTRAINT `complex_gene_ibfk_2` FOREIGN KEY (`genes_id`) REFERENCES `genes` (`id`) ON DELETE CASCADE ON UPDATE CASCADE
) ENGINE=InnoDB DEFAULT CHARSET=utf8mb4 COLLATE=utf8mb4_unicode_ci;
/*!40101 SET character_set_client = @saved_cs_client */;

--
-- Dumping data for table `complex_gene`
--

LOCK TABLES `complex_gene` WRITE;
/*!40000 ALTER TABLE `complex_gene` DISABLE KEYS */;
INSERT INTO `complex_gene` VALUES (1,1),(2,2),(3,3),(4,4),(5,5),(6,6),(7,7),(8,8),(9,9),(10,10),(11,11),(12,12),(13,13),(14,14),(15,15),(16,16),(17,17),(18,18),(19,19),(20,20),(21,21),(22,22),(23,23),(24,24),(25,25),(26,26),(27,27),(28,28),(29,29),(30,30),(31,31),(32,32),(33,33),(34,34),(35,35),(36,36),(37,37),(38,38),(39,39),(40,40),(41,41),(42,42),(43,43),(44,44),(45,45),(46,46),(47,47),(48,48),(49,49),(50,50),(51,51),(52,52),(53,53),(54,54),(55,55),(56,56),(57,57),(58,58),(59,59),(60,60),(61,61),(62,62),(63,63),(64,64),(65,65),(66,66),(67,67),(68,68),(69,69),(70,70),(71,71),(72,72),(73,73),(74,74),(75,75),(76,76),(77,77),(78,78),(79,79),(80,80),(81,81),(82,82),(83,83),(84,84),(85,85),(86,86),(87,87),(88,88),(89,89),(90,90),(91,91),(92,92),(93,93),(94,94),(95,95),(96,96),(97,97),(98,98),(99,99),(100,100);
/*!40000 ALTER TABLE `complex_gene` ENABLE KEYS */;
UNLOCK TABLES;

--
-- Table structure for table `complex_with_gene`
--

DROP TABLE IF EXISTS `complex_with_gene`;
/*!40101 SET @saved_cs_client     = @@character_set_client */;
/*!40101 SET character_set_client = utf8 */;
CREATE TABLE `complex_with_gene` (
  `id` bigint(20) unsigned NOT NULL AUTO_INCREMENT,
  `name` varchar(100) COLLATE utf8mb4_unicode_ci DEFAULT NULL,
  `genes_id` bigint(20) unsigned NOT NULL,
  `price` decimal(11,2) DEFAULT NULL COMMENT 'Цена',
  PRIMARY KEY (`id`),
  KEY `complex_name_idx` (`name`),
  KEY `genes_id` (`genes_id`),
  CONSTRAINT `complex_with_gene_ibfk_1` FOREIGN KEY (`genes_id`) REFERENCES `genes` (`id`) ON DELETE CASCADE ON UPDATE CASCADE
) ENGINE=InnoDB AUTO_INCREMENT=101 DEFAULT CHARSET=utf8mb4 COLLATE=utf8mb4_unicode_ci;
/*!40101 SET character_set_client = @saved_cs_client */;

--
-- Dumping data for table `complex_with_gene`
--

LOCK TABLES `complex_with_gene` WRITE;
/*!40000 ALTER TABLE `complex_with_gene` DISABLE KEYS */;
INSERT INTO `complex_with_gene` VALUES (1,'ipsum',1,49847.30),(2,'voluptas',2,4225760.36),(3,'voluptatem',3,912.01),(4,'facilis',4,3883803.97),(5,'ipsam',5,838765.52),(6,'omnis',6,440.41),(7,'molestiae',7,3.28),(8,'facilis',8,1844981.50),(9,'ut',9,401443.77),(10,'optio',10,1281242.21),(11,'omnis',11,960994.82),(12,'voluptates',12,5971.00),(13,'dolores',13,36014211.26),(14,'velit',14,44.10),(15,'velit',15,77642.00),(16,'qui',16,0.00),(17,'non',17,69578.51),(18,'dolores',18,16606532.53),(19,'et',19,52.00),(20,'qui',20,675061156.73),(21,'veniam',21,3263.90),(22,'debitis',22,292633.00),(23,'facilis',23,25458.77),(24,'in',24,3027511.08),(25,'delectus',25,18.50),(26,'libero',26,4644182.27),(27,'et',27,4111995.13),(28,'error',28,2812253.07),(29,'provident',29,242130499.51),(30,'doloribus',30,0.00),(31,'voluptatem',31,658683144.45),(32,'aut',32,347497916.17),(33,'necessitatibus',33,0.60),(34,'molestias',34,48617963.78),(35,'debitis',35,28879.72),(36,'consequatur',36,6222383.47),(37,'ea',37,141.72),(38,'doloribus',38,5560890.00),(39,'aspernatur',39,0.00),(40,'unde',40,636.70),(41,'culpa',41,295750471.95),(42,'at',42,27264.00),(43,'sed',43,1521.11),(44,'aperiam',44,6641816.56),(45,'delectus',45,23.73),(46,'temporibus',46,60705860.30),(47,'dolore',47,4591.89),(48,'necessitatibus',48,51967119.19),(49,'nam',49,6439785.59),(50,'nostrum',50,29.19),(51,'rerum',51,303.83),(52,'soluta',52,146812817.49),(53,'deserunt',53,1334.18),(54,'eos',54,3.33),(55,'sed',55,734.33),(56,'consequatur',56,346386.00),(57,'quia',57,14748995.56),(58,'quod',58,30738850.00),(59,'autem',59,253773.79),(60,'in',60,3063336.90),(61,'dolor',61,635.80),(62,'et',62,7906.10),(63,'reprehenderit',63,7331066.83),(64,'occaecati',64,0.00),(65,'accusantium',65,13.68),(66,'occaecati',66,56049.38),(67,'quod',67,229273.42),(68,'cupiditate',68,113.03),(69,'praesentium',69,2368.75),(70,'sit',70,0.00),(71,'voluptatibus',71,6637.43),(72,'provident',72,238612.25),(73,'animi',73,0.00),(74,'eaque',74,20861955.75),(75,'exercitationem',75,22564963.00),(76,'aut',76,13779122.59),(77,'odit',77,17255.66),(78,'totam',78,0.00),(79,'consequatur',79,58938372.42),(80,'eaque',80,9765845.86),(81,'est',81,940.67),(82,'sunt',82,3.85),(83,'possimus',83,0.00),(84,'consequatur',84,2837.03),(85,'odio',85,36.97),(86,'odit',86,0.17),(87,'earum',87,32.00),(88,'laudantium',88,1694735.12),(89,'maxime',89,584.83),(90,'quae',90,1171.38),(91,'accusamus',91,17759245.23),(92,'tempore',92,0.00),(93,'minus',93,1163.61),(94,'velit',94,172.00),(95,'ipsam',95,6.28),(96,'molestias',96,369.00),(97,'reiciendis',97,13723.13),(98,'optio',98,28439.27),(99,'quia',99,34477096.00),(100,'nam',100,0.00);
/*!40000 ALTER TABLE `complex_with_gene` ENABLE KEYS */;
UNLOCK TABLES;

--
-- Table structure for table `discount`
--

DROP TABLE IF EXISTS `discount`;
/*!40101 SET @saved_cs_client     = @@character_set_client */;
/*!40101 SET character_set_client = utf8 */;
CREATE TABLE `discount` (
  `id` bigint(20) unsigned NOT NULL AUTO_INCREMENT,
  `services_id` bigint(20) unsigned NOT NULL,
  `discount` float unsigned DEFAULT NULL COMMENT 'Величина скидки от 0.0 до 1.0',
  `finished_at` datetime DEFAULT NULL,
  `started_at` datetime DEFAULT NULL,
  `created_at` datetime DEFAULT current_timestamp(),
  `updated_at` datetime DEFAULT current_timestamp() ON UPDATE current_timestamp(),
  PRIMARY KEY (`id`),
  KEY `services_id` (`services_id`),
  CONSTRAINT `discount_ibfk_1` FOREIGN KEY (`services_id`) REFERENCES `services` (`id`) ON DELETE CASCADE ON UPDATE CASCADE
) ENGINE=InnoDB AUTO_INCREMENT=101 DEFAULT CHARSET=utf8mb4 COLLATE=utf8mb4_unicode_ci COMMENT='скидки';
/*!40101 SET character_set_client = @saved_cs_client */;

--
-- Dumping data for table `discount`
--

LOCK TABLES `discount` WRITE;
/*!40000 ALTER TABLE `discount` DISABLE KEYS */;
INSERT INTO `discount` VALUES (1,1,0.58047,'1978-06-09 10:55:18','1980-03-28 00:32:05','2013-06-21 04:16:37','1972-01-05 23:30:24'),(2,2,0.300556,'2004-11-07 15:54:11','2018-10-24 18:23:26','2015-11-06 05:45:14','1994-11-18 16:30:05'),(3,3,0.7,'1981-05-22 08:20:36','1988-03-21 15:24:31','1995-05-20 10:24:14','2000-06-13 06:28:14'),(4,4,1,'1973-10-28 01:16:27','1993-05-11 21:10:22','2011-04-15 11:24:16','2008-03-20 21:13:00'),(5,5,1,'2019-02-12 00:37:48','1991-08-02 03:52:19','1973-09-27 04:09:39','1984-01-05 06:04:19'),(6,6,0,'2020-01-23 23:27:15','1974-12-11 03:09:16','2002-07-17 17:32:39','2011-11-23 20:10:57'),(7,7,0.364035,'1974-05-15 20:43:57','2014-10-20 04:07:53','2000-08-11 18:25:41','2005-03-01 16:20:51'),(8,8,0.378727,'2014-10-28 21:04:11','2005-11-12 09:08:16','1992-07-01 04:08:58','1993-09-27 07:53:44'),(9,9,0.369625,'2014-05-25 05:47:47','1992-12-20 06:12:04','2010-11-05 19:17:57','2018-08-24 02:53:10'),(10,10,0.3075,'2003-10-24 00:48:41','1993-08-20 02:59:55','2019-05-11 11:03:13','1996-01-09 12:06:27'),(11,11,0.7,'2020-05-10 20:12:07','1985-04-13 00:40:07','2021-05-22 20:28:09','2015-06-13 16:20:50'),(12,12,0.778339,'1976-01-07 14:23:42','2001-07-03 16:04:15','1981-02-09 00:22:18','1991-09-09 21:40:06'),(13,13,0.264374,'2011-04-04 01:21:01','2008-04-15 12:05:15','1983-03-06 20:27:44','2013-07-18 20:40:24'),(14,14,0.903032,'2021-01-13 11:33:50','1972-06-06 17:10:22','2012-05-17 23:39:51','2005-05-14 21:26:06'),(15,15,0.892436,'1994-06-30 15:39:31','1978-12-06 13:22:38','2014-09-22 20:28:17','2014-03-14 22:51:59'),(16,16,0,'1992-04-06 21:20:12','2020-12-08 08:02:45','2022-01-24 12:15:17','2017-03-14 13:11:12'),(17,17,0.29445,'2009-03-09 03:53:53','2004-05-02 02:50:25','1976-05-12 13:04:16','1991-02-17 22:18:49'),(18,18,0.918113,'1979-05-27 19:34:16','1973-08-23 14:06:35','2004-07-25 16:53:41','2015-11-29 08:22:19'),(19,19,0.186395,'1988-09-19 07:38:08','2009-05-18 23:02:41','1995-08-03 15:21:17','1996-12-11 16:01:20'),(20,20,0.43,'2001-04-25 05:37:48','2013-12-11 13:53:35','2002-10-06 20:12:35','1981-11-06 15:56:08'),(21,21,0.7,'2015-02-27 14:54:22','2020-11-18 19:12:09','2005-09-18 01:16:02','1991-02-24 10:05:45'),(22,22,0.2522,'2010-10-20 10:57:13','1983-07-26 14:15:18','1976-11-15 13:36:27','1985-09-29 05:51:48'),(23,23,0.0801474,'2014-05-28 22:01:21','1977-09-02 11:23:47','1986-07-21 02:05:01','2009-10-24 22:17:51'),(24,24,0.719438,'2003-06-25 12:03:19','1990-10-13 00:21:40','1976-12-05 20:04:10','1979-02-12 18:46:11'),(25,25,0.645416,'2012-10-28 14:47:31','1979-12-18 00:12:10','1988-09-10 15:05:40','2018-09-05 07:07:42'),(26,26,0.965,'1993-06-15 16:02:22','2021-02-01 13:13:31','2003-06-06 11:37:03','2000-03-15 12:16:26'),(27,27,0.949,'1993-12-19 12:35:30','1984-03-31 07:43:20','2020-06-10 06:53:02','2010-12-09 12:39:36'),(28,28,0.18442,'2002-11-27 13:48:29','2020-10-10 05:31:34','1975-01-23 20:41:32','2020-06-12 08:24:59'),(29,29,0.05326,'2003-12-13 08:00:56','2011-01-07 19:26:53','2007-03-04 19:28:30','1982-01-12 09:50:21'),(30,30,0.117274,'1994-01-20 04:43:32','2018-12-22 13:21:17','1982-10-19 02:38:16','1994-09-05 23:37:55'),(31,31,0.964,'1980-07-09 13:30:35','1992-12-03 06:59:49','2010-03-31 16:32:19','1970-05-09 07:13:40'),(32,32,0.74645,'1995-09-15 03:40:10','1971-05-03 03:15:57','1990-05-14 07:24:03','2000-08-22 18:36:29'),(33,33,0.64,'1983-04-06 09:57:14','2011-10-02 20:56:14','1979-05-08 01:17:58','1971-12-20 06:37:52'),(34,34,0.767,'1984-05-20 21:28:03','1998-10-09 09:11:24','1978-10-16 14:53:10','1982-09-02 04:12:43'),(35,35,0.3634,'1992-02-01 07:48:43','2015-10-10 23:49:19','2019-11-16 14:50:43','2002-06-16 13:15:07'),(36,36,0.747965,'1994-08-31 19:30:26','1994-06-12 08:06:21','2010-02-14 03:05:03','2004-12-14 03:55:10'),(37,37,0.71,'2008-05-31 13:20:35','2002-09-21 09:31:52','2019-04-29 08:56:22','1995-06-11 23:50:20'),(38,38,0.91,'1977-11-25 14:11:35','1970-04-02 04:15:02','1998-09-01 00:23:47','1996-01-14 23:32:12'),(39,39,0,'1979-11-16 20:46:31','1989-05-09 16:27:16','2000-04-01 05:07:03','2003-11-15 14:20:53'),(40,40,0.56608,'1985-10-02 01:33:20','1976-09-08 10:28:09','1997-03-02 19:08:28','2006-06-10 09:27:12'),(41,41,0.71,'1995-11-08 15:57:27','1978-12-29 17:25:20','2007-06-07 04:49:18','1994-09-30 01:45:38'),(42,42,0.464,'2018-12-02 20:06:04','2003-08-08 14:18:25','1970-09-30 02:56:40','1980-05-19 03:14:37'),(43,43,0.188232,'2003-12-15 15:13:33','2000-11-20 07:26:07','2009-06-26 04:12:44','2020-02-10 18:28:10'),(44,44,0.958781,'2016-03-29 23:24:17','1993-04-07 11:48:21','2020-02-11 19:20:52','1972-08-27 23:31:57'),(45,45,0.29,'1998-11-26 23:31:16','1988-08-16 09:35:52','1973-03-12 15:22:26','1983-10-01 13:03:19'),(46,46,0.651,'1997-12-28 05:00:15','2000-11-07 00:36:49','1994-05-09 16:45:22','2007-08-04 19:48:46'),(47,47,0.667453,'2020-06-23 06:05:42','2019-10-22 15:30:07','1970-08-26 17:38:28','2021-04-14 13:17:52'),(48,48,0.523,'1982-06-21 14:31:30','1978-08-22 13:45:59','2006-01-01 04:19:46','2020-09-08 03:21:23'),(49,49,0.44198,'1991-05-08 14:00:15','1979-11-13 03:01:35','2003-04-12 09:54:12','2020-02-07 04:37:49'),(50,50,0.092177,'2004-06-18 19:44:30','1976-07-24 16:59:26','1979-01-02 07:38:10','1993-10-26 14:10:43'),(51,51,0.526455,'2015-11-23 16:41:31','1981-11-21 02:54:32','1981-12-04 15:02:37','2007-11-28 17:23:18'),(52,52,0,'1999-04-17 00:23:24','1996-01-31 10:49:09','1998-11-11 22:09:43','1992-05-05 05:50:32'),(53,53,0.5,'2009-03-16 20:11:33','1980-06-23 19:45:28','1978-04-19 16:33:50','2005-01-16 19:25:10'),(54,54,0.6,'2018-05-22 05:20:56','2007-05-03 01:35:40','1988-01-08 16:07:02','1992-08-12 07:58:22'),(55,55,0.9267,'1984-08-08 08:56:27','1981-07-08 04:05:51','1999-04-05 11:17:44','2019-03-15 23:49:25'),(56,56,0.009,'1988-06-25 13:12:37','2008-04-09 09:30:43','1988-07-20 04:07:56','1985-10-29 18:43:35'),(57,57,0.778,'2021-10-23 15:30:11','1975-10-30 14:04:53','1978-04-28 14:10:26','2004-01-18 08:34:36'),(58,58,0.653662,'2001-10-18 01:51:00','1993-01-18 21:15:20','1985-02-03 21:11:07','1981-05-05 15:04:06'),(59,59,0.36394,'2005-10-01 16:13:23','2005-11-28 15:57:23','1976-05-02 00:53:10','1985-01-14 00:38:16'),(60,60,0.441657,'1980-03-07 15:22:07','1996-11-18 19:29:39','1989-09-23 00:27:39','2007-03-16 04:31:50'),(61,61,0.555726,'2001-08-15 02:34:44','2001-08-16 21:32:00','2016-08-20 22:09:47','1990-10-11 15:07:02'),(62,62,0.3072,'2018-12-29 10:13:04','1992-09-10 17:15:37','2005-01-14 06:18:17','1989-10-28 16:36:09'),(63,63,0.68,'2004-08-08 16:13:44','2017-01-24 04:06:15','2011-05-07 05:20:41','1972-10-11 14:37:08'),(64,64,0.89968,'1970-04-28 05:15:47','1992-08-02 05:30:29','2013-01-31 14:00:06','2011-03-12 11:25:40'),(65,65,0.146911,'1984-03-16 10:27:35','1979-08-24 20:06:20','2011-09-26 08:59:17','1975-08-29 08:04:19'),(66,66,0.99,'1999-03-17 05:04:43','2019-08-15 05:07:41','2019-06-24 11:02:39','2015-04-16 13:32:45'),(67,67,0.463287,'2015-08-24 09:34:54','2000-06-14 16:38:03','1980-09-16 00:36:27','2002-12-26 05:43:17'),(68,68,0.578472,'1978-05-25 07:15:31','2006-03-30 01:31:21','1989-12-25 14:50:25','1993-07-25 03:22:56'),(69,69,0.9,'2005-02-08 22:30:01','1998-02-27 23:17:11','1999-12-15 10:56:17','2020-04-29 12:17:16'),(70,70,0.396509,'2011-11-17 01:09:29','2021-12-07 22:10:56','1974-02-15 08:04:32','1994-10-24 22:07:19'),(71,71,0.485349,'2020-11-27 06:46:29','1999-06-17 04:26:28','1995-10-02 04:19:43','2021-11-17 19:39:01'),(72,72,1,'1994-09-04 13:41:45','2002-05-15 14:34:02','2009-04-15 00:47:00','1996-07-25 03:28:16'),(73,73,0.403889,'2013-06-05 02:53:25','1983-07-13 05:14:55','2014-11-24 14:45:30','1994-07-24 18:33:56'),(74,74,0,'2009-02-10 14:39:52','1979-11-25 15:39:42','2012-04-30 10:44:35','2018-09-17 12:56:44'),(75,75,0.2312,'2018-10-28 20:10:46','2015-04-28 10:28:17','1974-12-20 10:10:33','1982-03-14 15:05:10'),(76,76,0.2,'1972-12-19 21:26:08','1992-11-29 19:32:46','2021-07-11 00:26:09','2010-02-18 07:14:20'),(77,77,0,'2005-01-12 04:49:56','1996-02-09 18:58:26','2013-03-09 07:38:22','2021-03-25 06:46:36'),(78,78,0.18,'1982-04-05 20:14:39','1978-03-28 22:11:39','1985-03-03 11:19:07','1973-02-15 12:34:59'),(79,79,0.0239,'1974-12-10 22:17:30','1971-12-21 23:10:26','1973-10-31 16:18:01','2015-07-13 00:58:15'),(80,80,0.470089,'2009-04-17 10:12:46','1987-09-27 15:28:55','1977-02-15 23:10:11','2001-05-17 21:57:57'),(81,81,0.189,'1993-10-25 16:04:42','1984-01-05 23:45:05','1998-03-10 16:52:37','1985-07-05 07:07:11'),(82,82,1,'1980-12-16 06:09:11','2018-12-15 03:05:25','2003-09-08 03:20:30','2019-08-25 12:55:37'),(83,83,0.0721696,'2009-10-30 07:21:29','1972-07-28 00:02:09','2002-07-28 08:53:43','2021-01-04 09:55:25'),(84,84,0.372,'2018-07-02 06:39:58','2003-06-18 21:31:03','2006-08-17 19:41:47','2012-08-30 08:14:42'),(85,85,0.800008,'1976-06-26 23:41:49','2013-05-02 15:18:38','1981-12-28 06:16:24','1982-02-15 07:10:47'),(86,86,0.25112,'1990-08-19 16:20:40','2018-12-15 15:28:02','1992-04-27 10:22:09','2010-02-28 23:15:00'),(87,87,0.669515,'2004-06-05 17:57:44','1985-08-23 23:50:57','1989-03-12 16:38:22','2001-10-19 11:13:42'),(88,88,0.1113,'2011-08-16 02:21:59','1999-11-13 01:10:30','1986-06-18 10:45:20','2005-12-23 02:27:55'),(89,89,0.02704,'1993-02-06 02:06:35','1989-11-21 05:57:49','1998-03-29 14:15:34','1977-02-23 14:24:13'),(90,90,0.9219,'1992-03-06 08:53:27','2002-05-20 18:39:53','1982-05-21 01:18:18','2001-08-01 22:57:14'),(91,91,0.978,'1995-07-15 21:37:13','2007-10-19 03:10:41','1977-01-29 23:48:55','1991-08-09 05:06:44'),(92,92,0.198983,'2003-09-10 07:42:10','2013-08-17 13:57:16','2013-03-31 18:59:58','1974-08-22 02:09:38'),(93,93,0.917639,'1973-05-19 22:35:53','1993-12-24 12:31:45','1979-11-15 02:42:36','1979-10-19 23:49:05'),(94,94,0,'1978-09-23 21:54:34','1988-06-11 06:31:34','1996-12-16 14:54:09','1991-03-18 14:05:33'),(95,95,0.696358,'2014-02-08 16:06:51','1978-02-12 22:17:52','2000-08-26 19:07:58','2015-06-28 09:45:27'),(96,96,0.4302,'1990-05-18 13:28:21','2000-06-25 11:05:48','2019-01-15 20:33:08','2019-12-04 15:02:50'),(97,97,0.0303107,'2013-10-30 16:45:34','1987-10-26 06:50:10','1980-09-17 00:56:00','1971-05-09 10:46:03'),(98,98,0.742022,'2022-01-25 11:36:18','1980-10-09 02:44:38','2010-01-22 22:46:21','2000-02-21 09:16:56'),(99,99,0,'1994-02-09 16:56:48','1972-10-07 03:46:15','1980-10-12 02:05:39','2012-01-30 09:30:40'),(100,100,0.070078,'1997-02-17 23:24:07','1976-12-08 07:34:23','2005-07-21 15:28:47','1982-03-20 06:46:44');
/*!40000 ALTER TABLE `discount` ENABLE KEYS */;
UNLOCK TABLES;

--
-- Table structure for table `genes`
--

DROP TABLE IF EXISTS `genes`;
/*!40101 SET @saved_cs_client     = @@character_set_client */;
/*!40101 SET character_set_client = utf8 */;
CREATE TABLE `genes` (
  `id` bigint(20) unsigned NOT NULL AUTO_INCREMENT,
  `name` varchar(50) COLLATE utf8mb4_unicode_ci DEFAULT NULL,
  `describes_genotypes` text COLLATE utf8mb4_unicode_ci DEFAULT NULL,
  `price` decimal(11,2) DEFAULT NULL COMMENT 'Цена',
  `add_services` set('No','Extract','Registration') COLLATE utf8mb4_unicode_ci DEFAULT 'No',
  PRIMARY KEY (`id`),
  KEY `genes_name_idx` (`name`)
) ENGINE=InnoDB AUTO_INCREMENT=101 DEFAULT CHARSET=utf8mb4 COLLATE=utf8mb4_unicode_ci;
/*!40101 SET character_set_client = @saved_cs_client */;

--
-- Dumping data for table `genes`
--

LOCK TABLES `genes` WRITE;
/*!40000 ALTER TABLE `genes` DISABLE KEYS */;
INSERT INTO `genes` VALUES (1,'incidunt',NULL,69.25,'No'),(2,'sed',NULL,0.00,'No'),(3,'eligendi',NULL,5.90,'No'),(4,'consectetur',NULL,73.50,'No'),(5,'architecto',NULL,561888499.02,'No'),(6,'perferendis',NULL,0.75,'No'),(7,'nulla',NULL,6931.62,'No'),(8,'eaque',NULL,3928.70,'No'),(9,'ut',NULL,431.40,'No'),(10,'nemo',NULL,0.00,'No'),(11,'laudantium',NULL,341464.40,'No'),(12,'et',NULL,14671.50,'No'),(13,'non',NULL,2.64,'No'),(14,'molestiae',NULL,0.00,'No'),(15,'corrupti',NULL,65.56,'No'),(16,'recusandae',NULL,228138.90,'No'),(17,'asperiores',NULL,7214.51,'No'),(18,'repudiandae',NULL,19765290.29,'No'),(19,'assumenda',NULL,1086303.83,'No'),(20,'aspernatur',NULL,32.82,'No'),(21,'sed',NULL,528959696.27,'No'),(22,'aut',NULL,309068790.10,'No'),(23,'aut',NULL,3936.06,'No'),(24,'dolores',NULL,0.56,'No'),(25,'harum',NULL,45193389.47,'No'),(26,'et',NULL,37.41,'No'),(27,'magnam',NULL,2479.93,'No'),(28,'eligendi',NULL,274701661.00,'No'),(29,'et',NULL,19011308.31,'No'),(30,'est',NULL,32.24,'No'),(31,'ex',NULL,277.27,'No'),(32,'totam',NULL,4874.19,'No'),(33,'autem',NULL,34.86,'No'),(34,'cumque',NULL,1.86,'No'),(35,'ut',NULL,5376.56,'No'),(36,'et',NULL,121.22,'No'),(37,'id',NULL,19675822.50,'No'),(38,'ut',NULL,323323191.96,'No'),(39,'explicabo',NULL,286.02,'No'),(40,'magnam',NULL,12456.44,'No'),(41,'nulla',NULL,51908.95,'No'),(42,'dicta',NULL,7296.58,'No'),(43,'praesentium',NULL,0.00,'No'),(44,'voluptas',NULL,31994472.00,'No'),(45,'minima',NULL,148.00,'No'),(46,'quia',NULL,355953873.92,'No'),(47,'aut',NULL,13384.78,'No'),(48,'est',NULL,0.00,'No'),(49,'mollitia',NULL,4215.35,'No'),(50,'neque',NULL,153752739.13,'No'),(51,'aut',NULL,6489273.84,'No'),(52,'dolores',NULL,27961.13,'No'),(53,'dicta',NULL,88.34,'No'),(54,'neque',NULL,568.41,'No'),(55,'repellendus',NULL,281.00,'No'),(56,'sunt',NULL,432421848.70,'No'),(57,'quo',NULL,318638.14,'No'),(58,'rerum',NULL,226777.60,'No'),(59,'in',NULL,25744.76,'No'),(60,'dolores',NULL,23.00,'No'),(61,'maxime',NULL,6764.21,'No'),(62,'omnis',NULL,3995490.00,'No'),(63,'quia',NULL,537844.75,'No'),(64,'omnis',NULL,63.71,'No'),(65,'sint',NULL,9185873.85,'No'),(66,'maxime',NULL,411.17,'No'),(67,'voluptatem',NULL,0.00,'No'),(68,'perspiciatis',NULL,2261070.20,'No'),(69,'culpa',NULL,16310.30,'No'),(70,'nostrum',NULL,183590.00,'No'),(71,'dolorem',NULL,0.00,'No'),(72,'assumenda',NULL,7950542.61,'No'),(73,'tenetur',NULL,0.00,'No'),(74,'fuga',NULL,2957.65,'No'),(75,'quis',NULL,0.00,'No'),(76,'adipisci',NULL,8942088.38,'No'),(77,'accusamus',NULL,478886.67,'No'),(78,'omnis',NULL,299.13,'No'),(79,'facere',NULL,669970.06,'No'),(80,'odit',NULL,478756639.16,'No'),(81,'ut',NULL,101.34,'No'),(82,'dolores',NULL,5340.61,'No'),(83,'necessitatibus',NULL,0.00,'No'),(84,'similique',NULL,5705.78,'No'),(85,'quia',NULL,263.43,'No'),(86,'exercitationem',NULL,5500.00,'No'),(87,'pariatur',NULL,413854.90,'No'),(88,'ratione',NULL,11.43,'No'),(89,'sit',NULL,19.40,'No'),(90,'sunt',NULL,39338.29,'No'),(91,'sit',NULL,2.00,'No'),(92,'suscipit',NULL,75596480.02,'No'),(93,'similique',NULL,51162944.10,'No'),(94,'eveniet',NULL,3556.05,'No'),(95,'non',NULL,0.00,'No'),(96,'sit',NULL,228.88,'No'),(97,'est',NULL,474639.10,'No'),(98,'ut',NULL,4811597.06,'No'),(99,'cupiditate',NULL,0.00,'No'),(100,'ut',NULL,1.00,'No');
/*!40000 ALTER TABLE `genes` ENABLE KEYS */;
UNLOCK TABLES;

--
-- Table structure for table `genotypes`
--

DROP TABLE IF EXISTS `genotypes`;
/*!40101 SET @saved_cs_client     = @@character_set_client */;
/*!40101 SET character_set_client = utf8 */;
CREATE TABLE `genotypes` (
  `id` bigint(20) unsigned NOT NULL AUTO_INCREMENT,
  `genotype` varchar(50) COLLATE utf8mb4_unicode_ci DEFAULT NULL,
  `genes_id` bigint(20) unsigned NOT NULL,
  `describes_genotypes` text COLLATE utf8mb4_unicode_ci DEFAULT NULL,
  PRIMARY KEY (`id`),
  KEY `genes_id` (`genes_id`),
  CONSTRAINT `genotypes_ibfk_1` FOREIGN KEY (`genes_id`) REFERENCES `genes` (`id`) ON DELETE CASCADE ON UPDATE CASCADE
) ENGINE=InnoDB AUTO_INCREMENT=101 DEFAULT CHARSET=utf8mb4 COLLATE=utf8mb4_unicode_ci;
/*!40101 SET character_set_client = @saved_cs_client */;

--
-- Dumping data for table `genotypes`
--

LOCK TABLES `genotypes` WRITE;
/*!40000 ALTER TABLE `genotypes` DISABLE KEYS */;
INSERT INTO `genotypes` VALUES (1,'Commodi earum et rerum dolores rerum vitae qui ali',1,NULL),(2,'Nihil rerum dolorum delectus et nostrum.',2,NULL),(3,'Ea similique est velit reprehenderit.',3,NULL),(4,'Doloribus consectetur error ipsa commodi aut.',4,NULL),(5,'Vel dolorem excepturi inventore illum.',5,NULL),(6,'Porro dolor eos veniam adipisci quo ducimus et.',6,NULL),(7,'Dolores quia molestiae dolor porro.',7,NULL),(8,'Velit officia et soluta ipsa quae molestiae fugit ',8,NULL),(9,'Consequatur amet id magni eos voluptatem officiis.',9,NULL),(10,'Ea inventore et placeat.',10,NULL),(11,'Sunt illo eveniet ad et dolorem omnis dolores erro',11,NULL),(12,'Dolor sed eligendi vitae sint et velit veritatis n',12,NULL),(13,'Nihil vitae sunt laudantium repudiandae.',13,NULL),(14,'Velit quaerat aliquid nihil.',14,NULL),(15,'Adipisci tempore nihil sapiente debitis sit accusa',15,NULL),(16,'Et sed adipisci sit sed maxime debitis animi.',16,NULL),(17,'Doloribus et qui quam ipsa sed autem.',17,NULL),(18,'Rem fuga veniam perferendis dicta.',18,NULL),(19,'Quam eius recusandae vitae accusantium culpa.',19,NULL),(20,'Id eum ducimus quos dignissimos blanditiis.',20,NULL),(21,'Ut et fugit necessitatibus recusandae.',21,NULL),(22,'Et unde in qui.',22,NULL),(23,'Id placeat aut laudantium dicta et.',23,NULL),(24,'Accusamus maxime iusto voluptatum veritatis.',24,NULL),(25,'Id laudantium id dolor eaque placeat et ducimus.',25,NULL),(26,'Sunt atque beatae aliquid voluptatibus soluta sint',26,NULL),(27,'Quas ipsa quaerat necessitatibus iure sint volupta',27,NULL),(28,'Molestiae ea ipsum sit alias enim ab sint.',28,NULL),(29,'Autem ut et id accusamus ut vel sequi.',29,NULL),(30,'Maiores nihil autem quae ex sit.',30,NULL),(31,'Sed consectetur perspiciatis necessitatibus suscip',31,NULL),(32,'Cumque expedita eaque possimus.',32,NULL),(33,'Cum sunt facere voluptatem iusto omnis et.',33,NULL),(34,'Laborum iure enim rerum saepe labore voluptas.',34,NULL),(35,'Voluptas sequi esse cum.',35,NULL),(36,'Vero est doloribus est enim in.',36,NULL),(37,'Magni vel sint qui.',37,NULL),(38,'Voluptate dolor maxime voluptatibus et.',38,NULL),(39,'Reiciendis debitis quo minus quo dolorem quas quos',39,NULL),(40,'Error aliquam facere sequi provident rerum accusan',40,NULL),(41,'Nulla voluptas autem ex itaque dolor.',41,NULL),(42,'Consequatur eaque nulla inventore velit omnis corr',42,NULL),(43,'Non autem quidem numquam.',43,NULL),(44,'Vel accusamus alias aut ea et.',44,NULL),(45,'Qui quidem error molestiae saepe illo quas quod.',45,NULL),(46,'Quia quos delectus error ut ipsa id aut facere.',46,NULL),(47,'Repudiandae quis qui maiores laboriosam nihil corr',47,NULL),(48,'Laboriosam soluta necessitatibus dolores suscipit ',48,NULL),(49,'Libero quaerat earum doloribus dolorem.',49,NULL),(50,'Ipsam perspiciatis ab veniam numquam omnis.',50,NULL),(51,'Quia vel vel saepe quidem placeat.',51,NULL),(52,'Voluptas veritatis sint quidem esse sed incidunt.',52,NULL),(53,'Facere cum assumenda aliquid error quo et.',53,NULL),(54,'Nostrum iusto excepturi et et eum ipsum aut.',54,NULL),(55,'Ea nobis sapiente excepturi eos.',55,NULL),(56,'Ipsa voluptatum omnis eos.',56,NULL),(57,'Ut nostrum facere sunt ea reiciendis.',57,NULL),(58,'Occaecati corporis iure maxime.',58,NULL),(59,'Odio qui maiores assumenda rerum nemo corporis.',59,NULL),(60,'Animi est amet et fugit similique debitis.',60,NULL),(61,'Sit minima nam ipsam beatae officiis nihil sit.',61,NULL),(62,'Error praesentium minus cumque autem unde quisquam',62,NULL),(63,'Voluptatem cupiditate tempore veniam.',63,NULL),(64,'Ut odio sapiente maxime.',64,NULL),(65,'Qui consequatur odit accusamus sit.',65,NULL),(66,'Aut id non consequatur nesciunt quia voluptas.',66,NULL),(67,'Nemo qui fugit neque sed non rerum.',67,NULL),(68,'Assumenda dolor aut quaerat animi.',68,NULL),(69,'Minus nobis qui sunt enim ullam.',69,NULL),(70,'Rerum soluta deserunt saepe magnam omnis.',70,NULL),(71,'Enim ullam consequatur placeat velit nesciunt aliq',71,NULL),(72,'Iusto eaque laudantium atque aspernatur.',72,NULL),(73,'Dolor in saepe illum suscipit.',73,NULL),(74,'Veniam magnam corrupti ullam est.',74,NULL),(75,'Distinctio quam earum nostrum doloremque sequi est',75,NULL),(76,'Nam et illo sint.',76,NULL),(77,'Qui soluta aut reiciendis omnis nihil.',77,NULL),(78,'Corrupti est quia et et voluptatem.',78,NULL),(79,'Dolorum beatae dicta praesentium vero et eos.',79,NULL),(80,'Expedita alias quod quia sunt.',80,NULL),(81,'Ab animi aut natus.',81,NULL),(82,'Sunt id perferendis assumenda.',82,NULL),(83,'Molestias dolor cumque accusantium quis at.',83,NULL),(84,'Praesentium officiis ut in tenetur quidem quam non',84,NULL),(85,'Voluptates fugit ipsam illo.',85,NULL),(86,'Dolores sint sit distinctio voluptatibus eveniet c',86,NULL),(87,'Facere ea autem dolores quia quo.',87,NULL),(88,'Rem voluptatibus ipsum beatae inventore autem sunt',88,NULL),(89,'Porro voluptatem illum optio ex sunt modi.',89,NULL),(90,'Quos sit a dolorem ad non.',90,NULL),(91,'Iure ullam fugiat consequatur libero eos ut.',91,NULL),(92,'Iste qui velit incidunt dolor nihil.',92,NULL),(93,'Ipsa aut ex voluptatem fugit nisi.',93,NULL),(94,'Aut non aut asperiores dolorem eos eligendi.',94,NULL),(95,'Ut quia in porro voluptatem numquam perferendis.',95,NULL),(96,'Dolores repudiandae error quod aut voluptatem mole',96,NULL),(97,'Possimus quia harum itaque sed soluta.',97,NULL),(98,'Totam aut quia laborum in quia quibusdam distincti',98,NULL),(99,'A et quas consequuntur sapiente.',99,NULL),(100,'Omnis rem quia libero cupiditate eum ea.',100,NULL);
/*!40000 ALTER TABLE `genotypes` ENABLE KEYS */;
UNLOCK TABLES;

--
-- Table structure for table `laboratory_1`
--

DROP TABLE IF EXISTS `laboratory_1`;
/*!40101 SET @saved_cs_client     = @@character_set_client */;
/*!40101 SET character_set_client = utf8 */;
CREATE TABLE `laboratory_1` (
  `id` bigint(20) unsigned NOT NULL AUTO_INCREMENT,
  `laboratory_extract_id` bigint(20) unsigned NOT NULL,
  `created_at` datetime DEFAULT current_timestamp(),
  `orders_id` bigint(20) unsigned NOT NULL,
  `updated_at` datetime DEFAULT current_timestamp() ON UPDATE current_timestamp(),
  PRIMARY KEY (`id`),
  KEY `FK_laboratory_extract` (`laboratory_extract_id`),
  KEY `fk2_orders_id` (`orders_id`),
  CONSTRAINT `FK_laboratory_extract` FOREIGN KEY (`laboratory_extract_id`) REFERENCES `laboratory_extract` (`id`) ON DELETE CASCADE ON UPDATE CASCADE,
  CONSTRAINT `fk2_orders_id` FOREIGN KEY (`orders_id`) REFERENCES `orders` (`id`) ON DELETE CASCADE ON UPDATE CASCADE
) ENGINE=InnoDB AUTO_INCREMENT=101 DEFAULT CHARSET=utf8mb4 COLLATE=utf8mb4_unicode_ci;
/*!40101 SET character_set_client = @saved_cs_client */;

--
-- Dumping data for table `laboratory_1`
--

LOCK TABLES `laboratory_1` WRITE;
/*!40000 ALTER TABLE `laboratory_1` DISABLE KEYS */;
INSERT INTO `laboratory_1` VALUES (1,1,'1971-04-08 20:29:04',1,'1982-12-15 03:42:38'),(2,2,'1980-09-02 18:46:58',2,'1979-03-28 12:29:53'),(3,3,'2013-05-01 17:55:37',3,'1975-09-10 22:43:18'),(4,4,'1996-11-06 08:10:48',4,'1994-05-04 23:39:44'),(5,5,'1978-01-16 06:35:29',5,'1985-08-20 03:19:27'),(6,6,'2014-10-08 15:49:18',6,'1991-12-04 13:57:01'),(7,7,'1989-08-17 06:47:51',7,'2009-04-06 01:42:24'),(8,8,'2013-04-20 00:51:51',8,'1999-02-26 20:58:39'),(9,9,'1971-10-24 09:29:21',9,'1988-01-12 16:20:06'),(10,10,'1971-02-06 11:48:21',10,'2008-10-11 08:47:38'),(11,11,'1995-02-28 20:07:58',11,'2019-02-26 11:34:59'),(12,12,'1971-03-01 21:07:29',12,'2022-03-22 23:33:12'),(13,13,'2000-02-24 10:28:59',13,'1996-05-20 21:57:43'),(14,14,'2014-11-13 10:12:27',14,'1995-01-20 17:12:48'),(15,15,'1970-03-27 22:03:56',15,'1974-12-05 13:22:08'),(16,16,'2011-07-10 16:39:07',16,'1989-04-07 09:11:24'),(17,17,'2014-01-16 17:19:33',17,'1992-01-29 13:12:43'),(18,18,'1980-09-18 02:21:57',18,'1971-10-13 06:15:49'),(19,19,'2005-03-29 01:29:33',19,'2003-08-07 16:59:12'),(20,20,'2019-10-25 04:30:00',20,'1973-12-04 15:16:44'),(21,21,'2014-10-15 02:12:34',21,'1992-12-08 05:51:05'),(22,22,'1979-07-12 13:31:06',22,'1972-03-25 01:04:24'),(23,23,'1991-09-16 04:07:26',23,'1988-09-16 13:56:43'),(24,24,'1993-11-04 06:22:15',24,'2013-04-05 02:15:19'),(25,25,'1972-10-15 14:21:29',25,'1980-11-14 12:55:51'),(26,26,'2012-06-09 05:07:53',26,'2006-07-04 01:09:51'),(27,27,'1984-07-11 11:28:43',27,'2019-09-01 18:08:02'),(28,28,'1982-11-10 17:16:27',28,'1991-07-15 19:22:38'),(29,29,'2008-07-24 05:58:45',29,'1979-04-15 03:43:05'),(30,30,'2003-12-03 13:27:15',30,'1989-04-08 09:16:09'),(31,31,'1992-07-14 01:17:06',31,'2001-02-05 02:04:30'),(32,32,'1984-05-15 14:15:19',32,'1979-11-17 17:44:53'),(33,33,'1994-05-18 01:59:43',33,'2008-12-24 01:03:35'),(34,34,'2005-10-29 15:58:27',34,'2021-12-30 01:52:12'),(35,35,'1987-06-17 19:24:07',35,'1990-10-21 06:12:04'),(36,36,'1972-05-02 08:06:06',36,'2003-12-16 21:28:26'),(37,37,'2016-11-26 03:30:14',37,'1994-01-23 16:42:13'),(38,38,'1982-06-01 15:55:57',38,'2013-05-30 02:14:11'),(39,39,'1988-08-28 00:59:06',39,'1980-02-21 19:00:12'),(40,40,'2016-11-23 05:20:16',40,'1987-09-15 19:22:15'),(41,41,'1999-06-02 22:17:23',41,'1970-08-13 13:48:12'),(42,42,'1994-01-18 03:52:21',42,'2011-05-23 18:12:06'),(43,43,'1975-10-26 15:29:56',43,'1991-07-11 06:09:54'),(44,44,'1998-02-13 05:16:07',44,'2005-11-07 22:57:32'),(45,45,'2016-07-27 14:29:48',45,'2015-02-25 00:08:55'),(46,46,'1977-01-18 06:04:56',46,'1987-08-16 06:48:15'),(47,47,'1979-05-09 22:52:04',47,'2003-01-08 13:11:53'),(48,48,'1989-08-09 06:07:44',48,'1978-11-29 13:41:15'),(49,49,'2015-03-31 13:27:56',49,'2004-10-17 20:21:15'),(50,50,'1994-07-11 17:17:36',50,'1996-05-04 03:33:28'),(51,51,'1999-07-01 06:58:16',51,'1974-04-06 15:27:07'),(52,52,'1975-04-21 05:31:07',52,'1988-04-19 05:08:06'),(53,53,'1984-10-26 11:19:08',53,'1991-09-20 21:37:33'),(54,54,'2005-08-26 15:35:12',54,'1978-02-19 02:29:24'),(55,55,'2020-12-09 04:23:32',55,'1990-08-20 12:56:14'),(56,56,'1972-06-19 02:40:17',56,'2000-05-30 04:59:48'),(57,57,'1979-02-19 19:42:10',57,'1984-03-16 01:45:00'),(58,58,'2005-12-07 05:52:49',58,'2004-12-14 08:16:36'),(59,59,'2011-06-18 04:00:57',59,'1998-09-24 11:59:22'),(60,60,'2017-09-21 20:06:58',60,'1979-12-24 02:10:30'),(61,61,'1992-08-02 08:26:50',61,'2005-08-20 13:11:47'),(62,62,'1973-06-14 11:45:38',62,'1984-04-04 23:22:25'),(63,63,'1979-12-23 13:19:23',63,'1981-05-02 00:16:20'),(64,64,'2005-02-09 22:58:39',64,'2012-01-11 05:28:17'),(65,65,'1982-11-11 09:51:10',65,'2018-10-14 17:15:18'),(66,66,'1989-08-08 09:20:27',66,'1977-07-19 21:34:37'),(67,67,'1989-06-07 12:47:12',67,'1975-02-07 10:26:24'),(68,68,'1976-11-26 17:50:32',68,'1974-01-15 07:06:39'),(69,69,'1987-07-02 16:11:07',69,'1984-03-07 22:11:50'),(70,70,'1974-07-17 23:53:21',70,'1994-10-02 15:11:14'),(71,71,'1986-05-22 12:44:56',71,'1975-01-22 15:16:21'),(72,72,'2020-06-06 10:53:06',72,'1974-03-19 11:55:50'),(73,73,'2017-12-07 22:05:02',73,'1988-04-19 19:04:15'),(74,74,'2010-09-29 08:36:44',74,'1981-12-05 19:49:50'),(75,75,'2009-07-01 04:05:22',75,'1973-05-25 21:13:07'),(76,76,'2022-03-20 09:17:33',76,'1973-08-26 21:57:30'),(77,77,'2018-01-05 18:34:19',77,'1982-11-24 19:22:14'),(78,78,'2008-12-16 08:57:47',78,'1980-10-21 13:03:38'),(79,79,'1977-10-24 10:37:18',79,'1979-05-31 04:20:58'),(80,80,'2007-05-22 00:37:42',80,'1987-11-08 01:23:56'),(81,81,'2006-04-05 07:40:58',81,'2006-07-03 15:18:20'),(82,82,'1982-06-05 00:33:13',82,'1992-05-29 15:34:45'),(83,83,'2000-12-21 10:32:00',83,'1990-01-26 12:38:10'),(84,84,'1984-08-12 10:47:17',84,'2009-12-27 18:33:05'),(85,85,'2005-09-14 01:02:58',85,'2009-04-07 17:09:04'),(86,86,'2000-07-24 17:30:46',86,'2002-03-02 16:20:29'),(87,87,'2021-12-14 03:38:50',87,'2017-12-25 04:13:54'),(88,88,'1978-07-12 09:39:53',88,'1994-11-03 12:01:54'),(89,89,'2000-04-15 02:39:54',89,'2015-07-05 22:49:58'),(90,90,'2006-04-20 22:26:43',90,'1981-11-03 21:55:33'),(91,91,'1992-07-30 13:05:14',91,'1976-08-08 17:02:08'),(92,92,'1973-11-19 21:22:34',92,'1970-09-06 04:41:38'),(93,93,'2019-11-11 00:44:18',93,'1999-02-13 21:25:03'),(94,94,'1989-02-20 02:04:31',94,'1991-09-09 04:39:18'),(95,95,'2011-06-22 02:11:01',95,'1979-09-30 19:51:26'),(96,96,'1970-01-31 23:43:58',96,'1996-11-15 17:42:41'),(97,97,'1983-08-18 02:42:43',97,'1989-10-01 09:36:36'),(98,98,'2015-10-10 17:46:32',98,'2012-03-13 07:19:13'),(99,99,'2013-12-19 01:34:59',99,'1990-04-23 05:46:31'),(100,100,'2015-01-08 19:39:44',100,'2007-03-12 02:01:16');
/*!40000 ALTER TABLE `laboratory_1` ENABLE KEYS */;
UNLOCK TABLES;

--
-- Table structure for table `laboratory_extract`
--

DROP TABLE IF EXISTS `laboratory_extract`;
/*!40101 SET @saved_cs_client     = @@character_set_client */;
/*!40101 SET character_set_client = utf8 */;
CREATE TABLE `laboratory_extract` (
  `id` bigint(20) unsigned NOT NULL AUTO_INCREMENT,
  `material_id` bigint(20) unsigned NOT NULL,
  `created_at` datetime DEFAULT current_timestamp(),
  `orders_id` bigint(20) unsigned NOT NULL,
  `status_extract` enum('YES','NO') COLLATE utf8mb4_unicode_ci DEFAULT 'NO',
  `staff_id` bigint(20) unsigned NOT NULL,
  `updated_at` datetime DEFAULT current_timestamp() ON UPDATE current_timestamp(),
  PRIMARY KEY (`id`),
  KEY `staff_id` (`staff_id`),
  KEY `FK_orders_id` (`orders_id`),
  CONSTRAINT `FK_orders_id` FOREIGN KEY (`orders_id`) REFERENCES `orders` (`id`) ON DELETE CASCADE ON UPDATE CASCADE,
  CONSTRAINT `laboratory_extract_ibfk_1` FOREIGN KEY (`staff_id`) REFERENCES `staff` (`id`) ON DELETE CASCADE ON UPDATE CASCADE
) ENGINE=InnoDB AUTO_INCREMENT=101 DEFAULT CHARSET=utf8mb4 COLLATE=utf8mb4_unicode_ci;
/*!40101 SET character_set_client = @saved_cs_client */;

--
-- Dumping data for table `laboratory_extract`
--

LOCK TABLES `laboratory_extract` WRITE;
/*!40000 ALTER TABLE `laboratory_extract` DISABLE KEYS */;
INSERT INTO `laboratory_extract` VALUES (1,1,'1989-03-14 23:53:11',1,'NO',1,'2000-06-08 10:25:50'),(2,2,'1995-04-21 01:20:03',2,'YES',2,'1985-07-10 04:44:20'),(3,3,'1999-09-16 04:55:04',3,'YES',3,'2005-11-11 05:38:13'),(4,4,'2006-01-29 14:52:23',4,'NO',4,'2020-09-16 09:07:28'),(5,5,'1984-01-07 22:12:04',5,'YES',5,'1993-11-04 07:23:20'),(6,6,'1972-03-15 22:48:54',6,'YES',6,'1974-12-15 11:02:17'),(7,7,'2000-08-19 14:53:38',7,'YES',7,'1975-06-26 12:15:57'),(8,8,'1982-08-31 23:56:44',8,'NO',8,'1998-10-02 06:30:44'),(9,9,'2014-08-12 05:59:18',9,'NO',9,'1974-04-06 05:30:27'),(10,10,'1989-05-25 04:03:09',10,'NO',10,'1972-06-01 06:35:40'),(11,11,'2004-10-15 14:58:45',11,'NO',11,'2010-10-28 14:15:35'),(12,12,'1998-07-17 04:01:53',12,'NO',12,'2015-01-02 12:27:32'),(13,13,'1992-02-06 22:40:54',13,'YES',13,'1973-12-05 03:29:44'),(14,14,'2010-04-03 03:22:21',14,'NO',14,'2000-02-14 19:05:10'),(15,15,'2006-01-19 04:16:11',15,'NO',15,'2009-12-24 02:49:42'),(16,16,'2012-03-06 13:41:40',16,'YES',16,'2009-05-10 15:15:57'),(17,17,'2004-10-04 17:07:30',17,'NO',17,'2021-08-19 15:27:48'),(18,18,'2005-04-25 06:09:34',18,'NO',18,'1992-09-12 18:15:22'),(19,19,'1986-02-03 11:48:49',19,'NO',19,'1987-09-27 01:58:16'),(20,20,'1991-04-11 08:10:55',20,'YES',20,'1970-12-18 20:54:18'),(21,21,'1982-07-24 23:39:05',21,'NO',21,'2005-10-03 16:34:10'),(22,22,'1975-02-12 22:43:22',22,'YES',22,'2006-11-13 11:41:28'),(23,23,'1976-12-21 08:33:10',23,'NO',23,'2014-05-09 07:48:31'),(24,24,'2012-11-09 19:58:05',24,'NO',24,'1973-07-18 05:25:00'),(25,25,'2020-11-02 18:09:56',25,'NO',25,'1998-12-30 23:42:24'),(26,26,'1995-08-09 06:21:30',26,'NO',26,'2000-07-02 22:07:43'),(27,27,'1972-10-17 10:45:12',27,'NO',27,'1993-01-08 20:35:21'),(28,28,'1983-04-27 10:49:34',28,'YES',28,'2001-04-05 08:35:57'),(29,29,'1984-07-06 14:08:20',29,'YES',29,'2017-01-22 10:31:37'),(30,30,'1982-06-21 12:12:48',30,'YES',30,'2002-05-29 04:37:40'),(31,31,'2012-01-29 08:14:17',31,'YES',31,'2007-04-08 04:22:01'),(32,32,'2011-02-06 04:37:35',32,'NO',32,'2012-07-31 10:11:23'),(33,33,'1980-11-13 05:14:12',33,'YES',33,'2012-05-18 23:44:31'),(34,34,'1971-04-20 08:50:59',34,'NO',34,'1979-02-14 03:37:25'),(35,35,'1977-03-27 14:36:33',35,'NO',35,'1980-03-13 22:43:46'),(36,36,'2019-05-10 19:48:26',36,'YES',36,'1970-10-26 10:40:00'),(37,37,'1990-03-27 16:39:09',37,'YES',37,'1990-10-17 01:40:18'),(38,38,'1983-11-26 20:02:02',38,'YES',38,'1987-02-03 14:34:14'),(39,39,'1982-07-06 03:27:59',39,'YES',39,'2016-02-26 02:54:24'),(40,40,'1984-10-08 04:00:19',40,'YES',40,'2021-03-21 21:54:03'),(41,41,'1998-05-27 08:54:21',41,'NO',41,'2001-04-22 01:04:05'),(42,42,'1999-11-04 22:42:12',42,'NO',42,'1993-07-27 12:21:08'),(43,43,'1996-04-03 21:30:31',43,'YES',43,'1991-08-25 15:34:45'),(44,44,'1981-05-04 22:36:37',44,'YES',44,'2000-10-27 12:56:39'),(45,45,'1973-09-15 00:51:14',45,'YES',45,'2003-05-13 01:33:04'),(46,46,'1970-06-01 01:04:55',46,'NO',46,'1990-05-18 07:06:55'),(47,47,'1998-11-18 17:41:54',47,'NO',47,'2008-08-11 10:58:57'),(48,48,'1978-01-12 14:46:31',48,'YES',48,'1972-11-04 00:27:28'),(49,49,'2014-09-27 02:12:30',49,'YES',49,'1993-02-09 12:54:16'),(50,50,'1972-06-03 12:04:17',50,'YES',50,'1977-08-19 19:03:50'),(51,51,'2002-12-23 21:57:06',51,'YES',51,'1995-06-16 18:02:14'),(52,52,'2018-07-17 09:29:42',52,'YES',52,'2006-11-10 02:04:06'),(53,53,'1981-08-13 15:36:07',53,'YES',53,'1982-12-03 05:59:26'),(54,54,'1997-04-12 22:30:48',54,'YES',54,'2014-06-09 02:40:01'),(55,55,'1991-08-15 09:15:47',55,'NO',55,'2010-05-08 05:04:39'),(56,56,'2019-06-10 07:21:49',56,'YES',56,'2016-01-23 09:36:05'),(57,57,'1971-08-01 22:21:36',57,'YES',57,'1973-07-30 13:44:42'),(58,58,'2019-01-21 22:56:38',58,'NO',58,'2012-07-30 14:37:11'),(59,59,'2001-02-05 19:56:10',59,'YES',59,'2021-10-03 07:04:39'),(60,60,'1973-12-29 15:43:55',60,'NO',60,'1990-01-27 10:29:43'),(61,61,'2002-10-05 08:29:59',61,'NO',61,'2022-04-07 19:48:40'),(62,62,'2006-09-23 02:46:37',62,'NO',62,'2014-08-02 22:07:10'),(63,63,'2016-08-24 15:27:27',63,'NO',63,'1989-04-30 01:54:39'),(64,64,'1983-04-23 04:45:53',64,'YES',64,'1995-11-28 23:06:34'),(65,65,'1994-02-02 12:12:33',65,'YES',65,'1977-02-11 01:45:49'),(66,66,'2011-05-01 09:19:05',66,'YES',66,'2004-10-06 19:13:08'),(67,67,'2019-12-03 07:52:11',67,'NO',67,'2004-06-06 05:16:54'),(68,68,'2011-09-24 21:35:19',68,'YES',68,'2009-04-24 11:58:15'),(69,69,'2005-03-09 05:33:04',69,'YES',69,'1996-05-26 00:23:09'),(70,70,'1976-04-24 06:29:02',70,'YES',70,'1970-12-07 00:48:23'),(71,71,'2003-01-17 07:35:57',71,'YES',71,'1992-10-18 15:22:03'),(72,72,'2014-03-10 20:29:02',72,'YES',72,'2017-08-12 19:52:31'),(73,73,'1989-05-13 17:47:29',73,'YES',73,'2018-06-25 09:37:06'),(74,74,'2021-04-27 10:18:44',74,'NO',74,'2009-06-13 21:59:53'),(75,75,'1984-02-04 18:48:58',75,'NO',75,'1970-08-04 01:11:34'),(76,76,'1996-07-01 00:57:36',76,'NO',76,'2002-07-20 18:53:08'),(77,77,'2002-05-29 16:13:45',77,'NO',77,'2019-03-25 06:00:13'),(78,78,'2003-08-29 13:31:24',78,'YES',78,'2009-01-09 15:52:01'),(79,79,'2001-07-23 16:47:53',79,'YES',79,'1973-04-09 06:31:51'),(80,80,'1971-03-13 13:44:25',80,'NO',80,'1981-04-13 02:03:09'),(81,81,'1981-01-30 00:40:58',81,'YES',81,'2005-10-31 10:21:35'),(82,82,'1971-08-24 16:12:17',82,'YES',82,'2004-03-13 16:23:53'),(83,83,'2020-06-06 21:47:38',83,'NO',83,'1972-03-06 19:46:28'),(84,84,'2015-01-28 16:59:44',84,'NO',84,'2004-11-18 12:23:55'),(85,85,'2012-05-24 01:57:16',85,'YES',85,'2010-09-19 22:56:53'),(86,86,'1971-12-13 16:21:08',86,'NO',86,'1994-06-01 07:46:10'),(87,87,'1982-04-09 10:15:20',87,'YES',87,'1999-12-31 05:29:22'),(88,88,'1981-02-19 17:39:10',88,'NO',88,'2001-09-05 04:15:26'),(89,89,'1998-06-08 09:48:14',89,'YES',89,'1997-05-24 22:29:06'),(90,90,'2014-08-27 18:43:21',90,'YES',90,'2021-11-07 09:56:52'),(91,91,'1988-12-25 20:40:06',91,'YES',91,'1976-07-23 20:18:30'),(92,92,'2007-08-20 19:20:56',92,'NO',92,'1991-10-23 13:40:38'),(93,93,'1991-07-19 04:56:05',93,'YES',93,'2019-04-15 20:00:42'),(94,94,'1993-06-24 18:36:44',94,'YES',94,'2001-06-27 20:51:50'),(95,95,'2000-04-24 10:52:38',95,'NO',95,'1994-10-03 04:36:15'),(96,96,'2021-12-31 22:28:26',96,'YES',96,'1997-09-26 12:14:20'),(97,97,'2022-03-08 10:31:23',97,'NO',97,'1999-12-25 18:08:48'),(98,98,'1983-05-09 16:47:16',98,'YES',98,'1991-07-05 03:15:56'),(99,99,'1996-09-02 23:38:14',99,'YES',99,'2000-07-03 08:26:28'),(100,100,'2009-11-26 07:53:00',100,'NO',100,'1976-09-27 02:36:45');
/*!40000 ALTER TABLE `laboratory_extract` ENABLE KEYS */;
UNLOCK TABLES;

--
-- Table structure for table `material`
--

DROP TABLE IF EXISTS `material`;
/*!40101 SET @saved_cs_client     = @@character_set_client */;
/*!40101 SET character_set_client = utf8 */;
CREATE TABLE `material` (
  `id` bigint(20) unsigned NOT NULL AUTO_INCREMENT,
  `clients_id` bigint(20) unsigned NOT NULL,
  `name` varchar(50) COLLATE utf8mb4_unicode_ci DEFAULT NULL,
  `other_client` enum('YES','NO') COLLATE utf8mb4_unicode_ci DEFAULT 'NO',
  `notes` text COLLATE utf8mb4_unicode_ci DEFAULT NULL COMMENT 'Примечание',
  `type_material` set('initial','repeated') COLLATE utf8mb4_unicode_ci DEFAULT 'initial',
  `created_at` datetime DEFAULT current_timestamp(),
  `updated_at` datetime DEFAULT current_timestamp() ON UPDATE current_timestamp(),
  PRIMARY KEY (`id`),
  KEY `clients_id` (`clients_id`),
  CONSTRAINT `material_ibfk_1` FOREIGN KEY (`clients_id`) REFERENCES `clients` (`id`) ON DELETE CASCADE ON UPDATE CASCADE
) ENGINE=InnoDB AUTO_INCREMENT=101 DEFAULT CHARSET=utf8mb4 COLLATE=utf8mb4_unicode_ci;
/*!40101 SET character_set_client = @saved_cs_client */;

--
-- Dumping data for table `material`
--

LOCK TABLES `material` WRITE;
/*!40000 ALTER TABLE `material` DISABLE KEYS */;
INSERT INTO `material` VALUES (1,1,'esse','YES','Sit ad mollitia porro at aspernatur. Maxime aliquid excepturi ipsam dicta ex deleniti qui eos.','initial','1976-11-08 17:38:59','1989-07-14 01:18:08'),(2,2,'incidunt','NO','Iusto omnis nostrum labore dolore repudiandae. Ut quae rerum molestias consequatur reiciendis. Est nihil autem error.','initial','1988-03-09 08:52:34','2005-06-10 14:54:32'),(3,3,'sint','YES','Voluptates ipsa modi ut voluptates dolores. Est repellat non ipsum eligendi voluptatem velit libero. Aut suscipit quia veniam nostrum sint. Maxime magni et eum ut.','initial','1971-02-06 16:18:48','2016-11-24 15:59:41'),(4,4,'ut','YES','Voluptatem hic dicta at provident veniam est facilis voluptas. Minus suscipit animi molestiae repellendus qui expedita ipsam ratione. Consectetur animi suscipit et ut error et optio. Doloribus et fuga blanditiis ipsa ut accusamus doloremque.','initial','1997-09-20 08:34:11','2021-05-03 08:08:41'),(5,5,'quia','NO','Doloremque aut ipsa sapiente illum. Aliquid eum voluptas qui quasi iste. Magnam quisquam possimus dolores animi. Ratione aut quisquam facere nam molestias quia repellendus provident.','initial','1994-11-16 21:01:28','1975-08-01 05:07:20'),(6,6,'esse','NO','Ut quidem veniam aut. At qui odio reprehenderit debitis aut in. Dolorum qui voluptatem in omnis sint debitis dolores. Vel ipsa velit quas vitae mollitia optio.','initial','2015-01-23 03:56:57','1978-10-31 20:14:30'),(7,7,'repellat','YES','Consectetur dolorem veritatis quis est accusantium blanditiis reprehenderit. Nisi beatae doloremque nesciunt tempora architecto iusto est. Voluptatibus quia maiores corporis cum et eaque. Reiciendis optio neque dolor aperiam earum iusto.','initial','1978-09-26 09:10:24','1976-03-28 06:58:53'),(8,8,'ducimus','NO','Voluptas quibusdam et deserunt qui. Excepturi qui nulla ut dolorum ipsam. Sed distinctio aut culpa qui quis.','initial','1976-09-21 19:49:21','2009-06-25 17:22:21'),(9,9,'porro','YES','Sit labore repudiandae voluptatem maxime incidunt iusto error. Nemo voluptatem omnis eos laudantium velit molestiae. Et id ipsum magni in. Aut aut et excepturi.','initial','1983-01-07 21:10:17','2020-09-08 17:23:38'),(10,10,'minima','NO','Quam ut hic et. Recusandae placeat velit corrupti. Minus quam rem voluptas voluptatem voluptatem.','initial','2004-05-03 09:29:44','1985-07-04 09:50:38'),(11,11,'iusto','YES','Qui placeat rerum laboriosam distinctio. Doloremque eum nulla sed porro. Consequatur voluptatum voluptatem modi eligendi qui voluptas dolor.','initial','2004-01-01 21:42:23','2018-01-09 00:16:00'),(12,12,'quod','YES','Et excepturi et harum expedita. Sunt perspiciatis veritatis odio amet enim. Tempore eligendi voluptatum aut sequi harum deserunt.','initial','1982-06-15 14:09:19','2021-06-02 08:59:28'),(13,13,'velit','NO','Qui nostrum laboriosam vel. Nisi est sequi qui soluta aspernatur sed cum. Aut fugiat fugit rem iusto.','initial','1994-05-29 14:29:45','1985-05-04 12:56:34'),(14,14,'dolores','NO','Magni harum repudiandae quam quo quia dignissimos. Consequuntur modi impedit blanditiis porro quis atque accusantium. Saepe autem voluptatem eveniet sed quod ut eum.','initial','1995-07-16 13:32:50','1996-02-10 15:50:26'),(15,15,'qui','NO','Et dignissimos dolor beatae maxime et et esse. Quod numquam minima tenetur expedita. Dolore aut deleniti dolore sunt omnis quo.','initial','1971-03-01 18:58:03','1975-05-05 22:54:56'),(16,16,'ducimus','YES','Ut sapiente incidunt recusandae debitis optio nam voluptatem. Sit suscipit pariatur alias omnis. Minima eos quis aut est deleniti pariatur.','initial','1995-06-24 00:35:49','2020-09-11 00:53:38'),(17,17,'commodi','YES','Magni rerum ipsa eaque libero eum laborum voluptatem. Sequi nostrum ad esse autem cum. Aliquam quae eligendi aut vel ut repudiandae tempore. Mollitia nam et atque molestiae voluptatum aut.','initial','1985-10-11 06:02:42','1990-02-23 14:14:07'),(18,18,'corporis','YES','Earum voluptas dolor laudantium aliquam voluptas dolore quas. Nulla laudantium mollitia voluptas provident culpa. Architecto reprehenderit voluptatum et dolorem iure. Dolores autem ut quam et.','initial','1986-10-16 22:12:12','1989-10-19 09:21:10'),(19,19,'est','YES','Molestiae enim dolor voluptates praesentium quia. Blanditiis qui doloribus voluptas dolorem assumenda dignissimos. Qui aut sit est quia qui perspiciatis. Nihil voluptatem expedita consectetur hic quasi.','initial','2013-10-28 16:02:58','2011-07-16 14:57:41'),(20,20,'sunt','NO','Sunt perspiciatis est eius animi aliquam ut. Vel sit aut blanditiis enim. Atque corrupti corrupti et veritatis fuga doloribus. Eum quaerat quos hic ut fugit illum.','initial','2012-05-08 16:53:01','1977-06-23 04:13:30'),(21,21,'et','NO','Qui architecto quaerat libero hic aut et sapiente. Nisi praesentium provident veniam dolores. Est est officia molestiae quae temporibus. Illum explicabo officiis eius non ad dolorum quis.','initial','2003-07-20 17:31:22','2018-11-26 13:12:29'),(22,22,'ab','YES','Aut cumque officiis esse excepturi. Occaecati est maiores rerum nesciunt debitis et. Non eligendi est at quia voluptate.','initial','1989-10-26 04:41:29','2007-08-06 05:27:59'),(23,23,'hic','YES','Dolorem in vel assumenda earum sint. Quibusdam at eaque ut pariatur non rerum. Beatae minima quo suscipit voluptatem qui voluptatem in. Iusto qui modi facilis omnis a aut neque.','initial','2014-05-23 21:57:01','2019-07-02 10:17:07'),(24,24,'rerum','NO','Mollitia magnam accusamus est iste voluptatem. Dolores nobis libero et a voluptates dolores. Similique voluptates et quis molestias illo animi. Ab eum perferendis aut sit aut omnis asperiores.','initial','2007-07-23 12:32:12','2015-06-15 14:57:07'),(25,25,'molestiae','YES','Ea qui quis veniam consequuntur ex nihil inventore. Fugiat eos aut tenetur non a eveniet. Laboriosam aperiam dicta nihil recusandae tempore quaerat.','initial','2014-11-20 07:33:34','2007-04-18 20:38:33'),(26,26,'voluptatem','YES','Fugiat pariatur exercitationem nostrum sed dolore nihil. Itaque ab distinctio nesciunt natus. Libero doloribus dicta quasi. Officiis nulla aut aperiam ullam laborum nisi.','initial','1973-07-13 02:45:14','1971-05-31 00:54:58'),(27,27,'voluptatum','YES','Voluptate recusandae id tempore est mollitia occaecati consequatur expedita. Eius ut at quae ab ut aspernatur. Nisi perspiciatis quis amet saepe soluta veritatis et. Ab ad quo aliquam qui non. Recusandae quia et qui aut qui.','initial','1976-07-07 07:39:45','2014-10-30 01:25:34'),(28,28,'odit','NO','Dolores cupiditate ratione voluptatem vel quaerat velit ea. Ut soluta sint voluptas reiciendis.','initial','2006-01-03 20:25:21','1999-03-02 19:38:46'),(29,29,'quos','YES','Exercitationem consequuntur veniam corrupti sit est maiores cupiditate. Ea veniam recusandae ullam voluptas modi. Qui ut aperiam non velit qui.','initial','1970-11-11 16:01:22','1975-10-04 08:24:06'),(30,30,'ea','YES','Et rerum amet est quia et. Aut ut voluptas architecto et ut est aut. At rerum id labore veritatis.','initial','2014-06-27 01:58:05','1992-04-04 23:10:09'),(31,31,'molestias','NO','Ut quos ipsum rerum non. Enim quo corporis vero dolor beatae. Omnis sed rem sit amet velit occaecati aut autem. Aut est eius natus eveniet quibusdam.','initial','2011-10-12 00:25:58','1989-06-30 05:05:19'),(32,32,'ab','YES','Sed harum et omnis iste libero et recusandae. Natus vel velit alias voluptas pariatur exercitationem aut.','initial','1970-04-01 00:12:30','2005-06-15 01:48:54'),(33,33,'et','YES','Non quibusdam illo eveniet voluptate qui molestiae. Nisi qui quod est atque cupiditate. Facere repellat et unde velit sapiente earum facere.','initial','2011-04-07 07:29:52','2017-06-17 06:21:55'),(34,34,'rerum','NO','Quia omnis non ipsum quia eos aliquid. Neque ratione odit et architecto in. Molestias adipisci dolores aspernatur saepe ipsam vero dicta id. Dolor commodi placeat est laudantium et mollitia.','initial','1973-05-29 00:49:42','2001-12-14 22:10:54'),(35,35,'praesentium','YES','Aut quidem odit libero aut autem. Corporis pariatur hic modi sunt et sit. Autem itaque ab ut inventore cum inventore id tempora.','initial','2014-05-05 20:45:16','1981-04-07 12:20:08'),(36,36,'quia','YES','Repellendus quis eum maxime magnam non dolorum vel non. Perspiciatis cum qui repellendus voluptate blanditiis. Atque et iure voluptates consectetur itaque quae similique.','initial','1975-04-19 23:05:41','1972-06-04 22:13:21'),(37,37,'molestiae','YES','Dolorem autem aut repudiandae incidunt aliquid accusantium. Sunt qui fuga porro sunt. Asperiores fugiat voluptatem eius a debitis beatae aut quia.','initial','1977-06-18 06:45:33','2002-06-03 13:27:26'),(38,38,'quis','YES','Aut sunt qui vel. Veritatis quis quas ipsa eum consequuntur. Est consequatur qui aut quos.','initial','1970-01-19 17:34:50','1986-07-15 20:56:01'),(39,39,'ut','NO','Ea quo facere aut et nulla qui esse. Quis velit minus illo. Nihil optio rerum exercitationem. Maiores nihil reiciendis cum error. Quo totam illum ratione aut eos laborum tempore.','initial','2003-08-27 01:29:02','1983-09-01 03:28:00'),(40,40,'placeat','NO','Maxime dolorem excepturi recusandae placeat. Odio incidunt dignissimos dolorem voluptatum autem optio. Itaque consequuntur cumque aspernatur ut similique.','initial','1996-11-16 07:42:55','2016-01-11 08:21:40'),(41,41,'fuga','NO','Et quia non deleniti alias dolor dolor id. Asperiores maxime magni ut autem illum eum sit.','initial','2018-01-09 17:48:17','2003-07-06 12:28:03'),(42,42,'et','YES','Nulla consequatur magni voluptatem et cupiditate ab et. Ipsum aliquam quisquam molestiae impedit. Quod maiores voluptatem id nihil quibusdam et deleniti. Enim molestiae tempora veritatis occaecati quos asperiores maiores.','initial','2011-01-16 17:02:52','1987-04-08 16:23:38'),(43,43,'vitae','YES','Eaque ut qui qui et nihil rerum minus. Quia nihil quisquam ut quibusdam. Quis quibusdam cum corporis. Est et dolor repudiandae.','initial','1987-10-03 21:47:10','2007-09-11 00:26:29'),(44,44,'quidem','YES','Libero nisi at earum corporis eos quo. Officiis sed ea fuga mollitia id sed tenetur voluptates. Debitis est numquam tempora in voluptas.','initial','2008-03-01 15:33:16','1999-05-27 10:30:27'),(45,45,'voluptas','NO','Quia sapiente vel repellat. Consequuntur maxime ex numquam aut ut et. In velit accusantium id quaerat aut commodi. Dolores ducimus voluptas impedit est tenetur eius.','initial','1982-08-15 16:03:02','2015-04-02 23:25:31'),(46,46,'sit','YES','Voluptatum vitae suscipit qui quia. Aperiam et ut qui facilis et incidunt. Aspernatur exercitationem natus veniam itaque veniam similique. Nobis eos minima nisi dolorem distinctio accusamus consectetur est.','initial','1979-07-05 13:47:43','1983-11-16 17:16:02'),(47,47,'itaque','YES','Velit illum dolorum voluptas a perferendis vel. Officia tenetur excepturi a est labore. Harum sequi dolore voluptate consequuntur ut numquam.','initial','1982-05-13 08:53:52','1989-12-22 01:28:57'),(48,48,'est','NO','Porro suscipit animi et explicabo nemo aperiam quibusdam. Laborum et ullam perspiciatis id quo. Odit laudantium qui dolorem rerum sunt non. Accusantium possimus inventore ipsam sit qui.','initial','2011-11-27 03:29:31','2018-05-15 12:29:38'),(49,49,'doloribus','NO','Error voluptatibus quia fugit deserunt. Pariatur quia voluptas doloribus voluptatem labore illum. Sapiente repudiandae omnis voluptatem sint ut. Cum quia ut deserunt earum ullam vero. Culpa consequatur nam similique laboriosam quis optio.','initial','1981-11-16 04:44:48','1975-12-12 01:11:16'),(50,50,'iusto','YES','Aspernatur ut libero aperiam quisquam voluptas. Ullam ducimus voluptates in natus. Corrupti ut repudiandae veniam velit quia omnis.','initial','1995-12-12 02:58:59','1999-12-13 04:58:15'),(51,51,'porro','YES','Dignissimos quia aut dolore. Repellendus nesciunt recusandae consequatur eaque ratione corporis aut. Fugit asperiores ex et voluptates. Assumenda sed fugit distinctio.','initial','1976-06-30 14:57:36','2019-09-21 04:06:13'),(52,52,'quidem','NO','Vel ipsam eos voluptas nostrum necessitatibus. Adipisci ea tempora cupiditate magnam tempore.','initial','1970-03-07 07:12:30','2004-09-18 04:29:20'),(53,53,'sint','YES','Dolorem quisquam aut temporibus dolorem consequatur odit voluptate. Distinctio et vitae quo eveniet eaque est corporis. Et ut laudantium perferendis harum tenetur doloribus.','initial','2002-02-02 05:38:28','2001-02-20 03:41:42'),(54,54,'id','NO','Perferendis nisi quisquam rerum omnis. Ut accusamus expedita eos qui rerum. Laborum harum qui ut magni.','initial','2002-04-22 14:43:43','1990-04-18 15:14:47'),(55,55,'dolorem','NO','Magni tenetur ea doloremque. Est voluptas aut ab quas laboriosam. Eum et voluptas sint modi praesentium ut laudantium.','initial','2014-01-04 06:33:57','2007-02-22 09:19:52'),(56,56,'omnis','YES','Consequatur eos quod quis dignissimos voluptatem. Non minima rerum perferendis velit autem cum. Nemo eos explicabo non non amet. Voluptatibus mollitia unde id explicabo ut quis provident. Aut et non sit porro fugit rem quia.','initial','1976-06-08 10:52:33','1979-02-17 22:34:41'),(57,57,'eaque','YES','Omnis dolor est non est. Soluta amet quo laboriosam deleniti qui. Explicabo omnis voluptas exercitationem fuga quos numquam.','initial','2015-02-04 01:57:06','1985-03-29 03:05:00'),(58,58,'sunt','YES','Officia vel qui voluptates et excepturi qui alias. Assumenda totam possimus alias quia. Veritatis culpa labore esse velit explicabo dolorem qui. Qui ut mollitia tempora. In assumenda nam maxime tenetur omnis minus placeat.','initial','1994-01-12 18:05:48','1993-06-20 16:34:51'),(59,59,'dolorem','YES','Aut et nihil est a. Exercitationem saepe quo tempore numquam. Quo consequuntur harum numquam. Quia consequuntur ipsam assumenda et.','initial','2015-08-11 03:29:29','2020-09-25 03:00:01'),(60,60,'laboriosam','YES','Ex dolorem eligendi quos et eum placeat. Corporis ea aliquid atque maiores omnis. Voluptate quia magni quia.','initial','1984-12-11 15:29:24','2019-08-29 18:45:48'),(61,61,'tenetur','NO','Perferendis accusamus et magni non natus voluptas. Possimus alias eos aperiam. Exercitationem beatae quod autem optio dolore sunt. Exercitationem quisquam nostrum at voluptas.','initial','1996-09-20 07:01:54','1998-08-07 12:30:38'),(62,62,'architecto','NO','Eveniet quo nam nihil aperiam ratione qui. Repudiandae consequatur blanditiis provident et ipsa eligendi id eum. Est quasi et ab suscipit. Ut consequatur maxime maxime et est qui. Velit veniam vitae ipsa dolore aut commodi.','initial','1984-10-01 12:53:19','2017-05-09 09:51:06'),(63,63,'accusantium','NO','Autem facilis qui alias ea consequatur. Et incidunt quisquam voluptatem ullam autem fugiat. Libero maiores voluptas quo dolorum quidem officiis.','initial','1974-07-11 16:51:57','1989-10-19 15:14:23'),(64,64,'harum','NO','Explicabo temporibus fugiat unde. Itaque voluptatum aut unde sunt ipsa assumenda aut. Occaecati necessitatibus et iure animi labore. Eos recusandae necessitatibus repellat dolor.','initial','2010-07-30 01:43:07','1981-09-26 03:41:14'),(65,65,'non','YES','Et consequatur praesentium illo qui beatae ea fugit voluptatem. Voluptas libero ad sit saepe inventore dicta ea. Qui quas delectus aut officiis temporibus commodi dolorem pariatur. Tenetur vero et consequatur tenetur atque.','initial','1984-07-19 01:16:54','1994-09-14 15:02:52'),(66,66,'nesciunt','YES','Et quis iste omnis nemo iste impedit. Et excepturi ut mollitia perspiciatis repellat recusandae. Eveniet perspiciatis et perspiciatis harum aut quo. Debitis enim quidem nisi quo maxime.','initial','1980-10-31 05:59:31','2017-07-27 14:13:59'),(67,67,'est','NO','Quos quaerat expedita et quis in voluptas adipisci. Incidunt commodi sed molestiae eum commodi iste. Consequuntur fuga quaerat quis occaecati quasi. Velit asperiores earum adipisci culpa praesentium.','initial','1999-02-05 16:24:56','1996-12-02 05:48:17'),(68,68,'expedita','NO','Eius quibusdam quas praesentium. Qui quibusdam possimus perspiciatis ea aut nostrum accusamus et. Cumque deleniti et dolores. Nihil fugiat molestias ab inventore.','initial','2000-01-27 07:15:00','1975-08-06 17:35:46'),(69,69,'iusto','YES','Officiis nihil voluptatem ut doloremque quis. Voluptate nulla voluptates cum non iusto commodi. Dolore unde aut reiciendis quia.','initial','2021-10-08 14:47:57','2008-06-01 04:06:07'),(70,70,'quibusdam','YES','Et possimus aperiam culpa magnam aut fuga maxime qui. Voluptatem dolorem ab recusandae nihil blanditiis. Corporis eveniet inventore eum sint.','initial','1990-07-02 01:59:41','1977-10-08 08:37:26'),(71,71,'qui','NO','Debitis omnis autem sed sint ab. Reprehenderit ea nemo accusamus optio minima reprehenderit. Amet esse similique accusantium enim. Adipisci suscipit eum nam facere ipsam iste aut.','initial','2002-01-19 06:06:08','1995-12-25 06:57:56'),(72,72,'numquam','NO','Laborum aut necessitatibus et voluptate. Repudiandae illo vitae autem dolores eligendi consequatur quam perspiciatis. Quaerat aspernatur ea laudantium qui sed.','initial','2000-05-03 02:27:49','2011-01-10 22:49:56'),(73,73,'ea','NO','Incidunt vitae voluptas et impedit dolorum eum aut. Voluptatem laborum officiis ut est ea beatae esse. Harum consequatur eius necessitatibus ullam cum aut voluptates. Earum occaecati ullam ut aut iusto amet rerum.','initial','1982-11-28 02:59:58','2018-10-02 02:29:35'),(74,74,'quibusdam','YES','Quis rerum iure sed tempore qui voluptatem. Ratione velit molestiae assumenda numquam quasi. Rerum praesentium rerum animi corrupti tenetur minus exercitationem magni. Possimus dolor architecto iusto laborum ipsa voluptatem maiores.','initial','2006-04-18 13:15:15','1980-03-16 12:52:25'),(75,75,'alias','YES','In quae est tempore sed sint soluta vitae. Molestiae deleniti beatae quis ad. Deserunt velit porro quos. Sapiente maiores nihil rerum corporis saepe consectetur.','initial','2018-07-14 12:37:59','2000-07-05 20:45:28'),(76,76,'perspiciatis','YES','Ut similique dolore expedita iste magnam est voluptatem. Et deserunt minus incidunt est dolores molestias. Voluptatum occaecati asperiores suscipit itaque nulla. Et tenetur reiciendis ducimus eaque esse odit veniam.','initial','2002-12-10 00:23:50','1990-05-13 08:28:37'),(77,77,'quia','YES','Et voluptatum laboriosam quis est est tenetur voluptatibus. Eligendi voluptatibus at necessitatibus qui itaque esse et. Aspernatur autem aliquam cumque fuga est rerum.','initial','1981-12-28 03:14:22','1982-12-26 09:33:52'),(78,78,'et','YES','Assumenda libero et repudiandae et. Id omnis possimus esse omnis libero mollitia.','initial','1998-01-20 21:31:17','1976-04-20 22:06:20'),(79,79,'sed','NO','Vel consequuntur atque maxime corporis. Velit est itaque et exercitationem sit. Distinctio odit quisquam similique exercitationem voluptatibus sunt. Excepturi sunt ullam asperiores aliquid.','initial','1997-10-14 23:03:13','2006-09-01 02:08:39'),(80,80,'sed','YES','Veniam explicabo et odio fugiat blanditiis saepe voluptas. Vel consequatur dicta tempore maxime odio est. Harum ut quia ducimus. Qui inventore animi tenetur cum at aperiam ratione voluptatem. Autem ipsam ipsum est natus accusamus consequatur autem ullam.','initial','2013-08-18 10:09:46','1979-10-13 15:33:56'),(81,81,'enim','YES','Ratione fuga nam neque et repellat cupiditate eos commodi. Quae atque sapiente deleniti officia commodi aut dolores qui.','initial','1995-01-26 17:36:21','1999-07-12 06:07:40'),(82,82,'doloremque','YES','Ex quaerat in facere quis et. Accusantium enim quis corporis. Saepe laborum unde aliquam dolorum. Qui qui voluptatum omnis et qui aut nostrum.','initial','1999-03-07 10:47:22','1973-05-01 00:44:11'),(83,83,'ut','YES','Eveniet libero esse dolorem eum doloribus. Labore et sed vitae ut provident. Cum illum praesentium architecto officiis accusamus.','initial','2013-05-18 23:29:17','2000-09-24 07:48:28'),(84,84,'aut','YES','Sint adipisci autem cupiditate omnis architecto assumenda qui. Dignissimos voluptates sed et aspernatur nostrum esse. Minus sunt praesentium dicta beatae. Odio laudantium exercitationem quia id corrupti perspiciatis culpa. Eaque qui soluta ipsa ad adipisci alias.','initial','1971-06-28 09:33:10','1977-09-07 11:48:02'),(85,85,'et','NO','Harum assumenda quia laborum odio amet voluptatem blanditiis. Autem commodi corrupti omnis est iste placeat. Voluptatem ut cupiditate rerum temporibus. Veniam perspiciatis qui voluptatem culpa explicabo deleniti at.','initial','2005-01-05 08:52:05','2003-01-20 03:38:09'),(86,86,'ut','YES','Ut voluptatibus repudiandae atque recusandae necessitatibus et debitis ut. Quaerat fugit vitae facilis quam. Nesciunt voluptas unde expedita distinctio. Maxime eos voluptatem delectus. Velit dolor quo explicabo modi dolore aut.','initial','1989-05-17 21:00:12','1996-05-09 10:15:15'),(87,87,'voluptatem','NO','Deserunt sit omnis error magnam quod quos rerum. Aut et sed dolorem fuga blanditiis. Similique et sed in.','initial','1992-05-23 09:04:32','2011-02-18 02:18:34'),(88,88,'dolor','NO','Aspernatur esse quis voluptas neque impedit. Quo laborum quo nihil beatae at est possimus. Libero veniam earum est repellat animi occaecati.','initial','2011-06-04 22:31:43','2012-08-18 12:35:47'),(89,89,'in','YES','Facilis rem necessitatibus dolorum non. Sit omnis amet commodi ratione quia. Rem qui expedita facilis sit voluptates aut. Sed incidunt molestiae at molestiae. Laboriosam et ipsa et vitae ut beatae fugit.','initial','1990-12-21 16:00:28','2000-01-20 11:05:24'),(90,90,'iure','YES','Omnis voluptatem voluptatem autem expedita nihil tempora. Alias quis excepturi dolores quod. Voluptas perferendis eum aliquid et ullam necessitatibus.','initial','2019-02-21 13:52:15','2010-01-21 02:22:36'),(91,91,'delectus','NO','Sunt quisquam corporis eius ut et et hic. Eum provident ut itaque ut et. Hic ab voluptatem velit aut qui. Sed eos esse consectetur eum dolorem modi.','initial','2005-03-26 20:19:51','2007-11-11 01:29:52'),(92,92,'in','YES','Accusantium eligendi et rem facilis fuga. Provident nisi architecto labore voluptatem dolorum deserunt. Alias expedita distinctio occaecati tempora minus ipsa.','initial','2013-03-17 14:44:57','2017-07-30 10:55:45'),(93,93,'sit','NO','Sit facere nihil sed praesentium odit. Rem autem labore et molestias esse ipsum. Qui in et quos perferendis laudantium ratione tempora magni. Recusandae ea sapiente qui rerum ad sunt.','initial','1983-02-16 14:46:57','1973-04-29 01:31:45'),(94,94,'eveniet','YES','Ipsum voluptate eos tenetur modi. Sint sint a et sequi.','initial','1971-11-11 07:58:06','1974-08-08 03:29:08'),(95,95,'aperiam','YES','Consequatur pariatur veniam dolorem. Et et id dolores. Voluptas ut ipsam libero quas odio inventore reiciendis. Sed magni hic molestiae dolores.','initial','1981-07-19 20:56:14','1976-10-01 02:21:55'),(96,96,'nihil','NO','Et natus numquam enim sed adipisci rerum in. Similique debitis sequi occaecati vel porro amet iste. In nam cumque dolorum sit. At deleniti dolorum odio illo minus quidem qui.','initial','1972-10-17 14:48:46','1976-11-20 22:20:31'),(97,97,'inventore','NO','Sint sequi ducimus reiciendis officiis quo aliquam temporibus. Id quibusdam ab similique atque nihil omnis quia. Exercitationem ipsa fugiat aliquam eaque est voluptas id. Nostrum totam ducimus quia aut.','initial','1986-02-04 17:49:34','2012-09-11 05:22:37'),(98,98,'unde','NO','Ex dicta quo molestiae rem sint id officiis. Ad consectetur quis nisi dolorem. Ducimus ut commodi molestiae cumque incidunt voluptas laborum.','initial','1998-02-02 21:21:16','1985-03-16 23:13:57'),(99,99,'est','NO','Sequi eaque repellendus accusamus distinctio est totam. Eius ut laudantium ipsam voluptates. Harum ut unde vel sunt pariatur.','initial','2021-09-28 08:26:41','1974-10-17 22:29:53'),(100,100,'exercitationem','NO','Voluptatibus libero velit animi doloremque. Atque delectus exercitationem adipisci cumque voluptas. Exercitationem hic voluptatibus molestias eligendi blanditiis et aut. Explicabo dolorum voluptatem doloremque consequatur.','initial','1982-03-19 04:09:27','1988-11-10 05:25:31');
/*!40000 ALTER TABLE `material` ENABLE KEYS */;
UNLOCK TABLES;

--
-- Table structure for table `orders`
--

DROP TABLE IF EXISTS `orders`;
/*!40101 SET @saved_cs_client     = @@character_set_client */;
/*!40101 SET character_set_client = utf8 */;
CREATE TABLE `orders` (
  `id` bigint(20) unsigned NOT NULL AUTO_INCREMENT,
  `clients_id` bigint(20) unsigned NOT NULL,
  `material_id` bigint(20) unsigned DEFAULT NULL,
  `notes` text COLLATE utf8mb4_unicode_ci DEFAULT NULL COMMENT 'Примечание при регистрации',
  `status` enum('paid','partially paid','unpaid') COLLATE utf8mb4_unicode_ci DEFAULT 'unpaid',
  `created_at` datetime DEFAULT current_timestamp(),
  PRIMARY KEY (`id`),
  KEY `material_id` (`material_id`),
  CONSTRAINT `orders_ibfk_1` FOREIGN KEY (`material_id`) REFERENCES `material` (`id`) ON DELETE CASCADE ON UPDATE CASCADE
) ENGINE=InnoDB AUTO_INCREMENT=101 DEFAULT CHARSET=utf8mb4 COLLATE=utf8mb4_unicode_ci;
/*!40101 SET character_set_client = @saved_cs_client */;

--
-- Dumping data for table `orders`
--

LOCK TABLES `orders` WRITE;
/*!40000 ALTER TABLE `orders` DISABLE KEYS */;
INSERT INTO `orders` VALUES (1,1,1,'Tempora cum harum maiores cum tempore ex consequatur. Rem aut illo illum quis. Consequuntur eum non dolorem commodi voluptatibus magnam. Ut porro magni odio blanditiis dolorem.','partially paid','1977-04-29 19:51:34'),(2,2,2,'Tenetur sed quidem repellat aut fugiat sunt. Aut doloribus occaecati iusto qui cum quos suscipit inventore. Et nam aut vitae ad.','paid','2019-12-04 21:52:36'),(3,3,3,'A explicabo blanditiis nulla qui. Sed soluta nulla nobis suscipit quasi nobis dolorem. Voluptate ad excepturi soluta tenetur voluptas ut.','partially paid','2000-07-24 05:08:50'),(4,4,4,'Totam temporibus est voluptates aut non repellat. Cumque dicta est incidunt voluptas saepe consectetur. Dolor non dignissimos voluptate consequuntur magni quibusdam. Facilis mollitia rem repellendus dolorem explicabo delectus dolorem.','unpaid','1970-04-08 13:26:29'),(5,5,5,'Nesciunt ut vero rerum consequuntur dicta dolores voluptatem. Explicabo nemo earum magnam officia quia. Dicta voluptatem consequuntur velit quidem quia voluptas dolores. Voluptates dolores officiis voluptatibus rerum ab corporis.','paid','2004-04-25 01:08:00'),(6,6,6,'Nemo minus velit est quia harum vel. Nihil aut quia consequatur praesentium laudantium vel modi. Odit asperiores iusto beatae consequatur rerum veritatis.','unpaid','1998-07-11 08:13:39'),(7,7,7,'Natus alias ut enim. Sed enim occaecati pariatur sequi. Sit aut minima officiis dolorem.','paid','2005-08-16 00:21:49'),(8,8,8,'Ipsa dolores accusantium id enim aliquam sint. Dolores debitis voluptas quae iusto libero recusandae corrupti. Exercitationem fugit non et occaecati ea fugit. Fugit qui unde voluptatum.','partially paid','1987-04-09 10:50:03'),(9,9,9,'Voluptatem esse eos similique. Enim quia qui earum porro laudantium aut dolorum. Dolorem eos deleniti aut sed.','paid','1979-07-26 18:08:33'),(10,10,10,'Doloribus rem et veniam qui quo. Consequuntur autem velit fugiat incidunt quis rerum dolor.','partially paid','1996-07-19 21:39:32'),(11,11,11,'Aut debitis recusandae soluta quasi aspernatur ut et. Dolor quis totam dolor qui explicabo ipsam. Sint velit nesciunt ipsum. Laborum minima placeat ut sapiente maiores necessitatibus.','paid','2021-02-19 09:55:38'),(12,12,12,'Quisquam et iusto molestias quia molestiae. Est et deleniti voluptatem assumenda consectetur corrupti. Incidunt delectus consequuntur vel quo praesentium qui cum. Possimus rerum dignissimos eos eum omnis dolorum et.','partially paid','1984-06-16 17:09:47'),(13,13,13,'Autem blanditiis ipsum quis. Qui qui nam et voluptatem earum. Similique itaque aut nulla ut sequi aut sapiente commodi. Dolores error ipsa quidem sed dolor et fugiat facilis.','paid','2001-10-06 12:49:06'),(14,14,14,'Aut eos est qui nemo adipisci recusandae. Molestias qui delectus quae ut non eveniet sequi. Labore alias voluptates vel vero quis. Tenetur consequatur ratione beatae reiciendis sed blanditiis.','partially paid','2012-11-09 02:01:59'),(15,15,15,'Possimus non quam qui sunt et rerum. Tempore enim nostrum animi ullam. Accusamus magnam ullam animi perferendis in. Maiores aspernatur tempore esse inventore sunt aut.','unpaid','2019-04-10 00:32:12'),(16,16,16,'Ut vel illo in magni. Aut tempore alias qui beatae modi.','paid','1982-08-06 15:37:57'),(17,17,17,'Dolorem hic maiores nostrum in. Soluta tempora harum architecto. Sapiente blanditiis maxime deleniti id odit quis minus fugit.','partially paid','2014-08-10 06:26:13'),(18,18,18,'Impedit voluptas harum officiis quasi adipisci eos. Corporis illo consequuntur qui vel aut minima. Sed qui maxime voluptatum enim sed ut.','paid','2019-05-09 22:01:00'),(19,19,19,'Omnis consequatur repudiandae dicta dignissimos minus nihil. Iusto et molestias reiciendis hic sequi ad. Iste sed exercitationem quis ut. Laudantium recusandae ad quo.','partially paid','1974-02-12 10:05:39'),(20,20,20,'Cupiditate sunt eos autem optio facilis blanditiis mollitia. Itaque qui error ut totam eum voluptatum. Et est error nisi odio occaecati sapiente iusto.','unpaid','1987-04-19 15:14:59'),(21,21,21,'Alias facilis quia ut rerum. Vel voluptatem et sunt ut et.','paid','1993-03-02 13:46:18'),(22,22,22,'Nihil voluptatem asperiores animi perferendis. Saepe ut sint dolorem eos enim et natus. Voluptatem et pariatur nihil ipsa ratione.','unpaid','2000-03-22 16:52:57'),(23,23,23,'Fugit ut nihil illum omnis nulla et in. Fugiat dolores aut repellat quos aliquam unde et. Cumque voluptatem suscipit id sed magni ratione laudantium. Itaque dolor repudiandae sit deleniti.','paid','2012-12-19 07:27:43'),(24,24,24,'Pariatur et eligendi inventore eos odio culpa illum. Natus fugit eligendi sint corporis sed. Dolor eius ab ut aut voluptas ut. Aliquam eveniet illum blanditiis sint ut facere.','paid','1977-12-01 00:05:07'),(25,25,25,'Et enim est quam totam temporibus beatae distinctio. Ullam sit veniam aliquam quod pariatur placeat sit. Et tenetur repellat quia numquam a adipisci quis minima. Eaque temporibus qui qui est aliquid.','partially paid','2012-08-08 02:02:58'),(26,26,26,'Sunt a veniam libero numquam dolor cupiditate occaecati. Aut omnis impedit qui ut. Unde fugit cumque soluta est porro. Repellendus repellendus nemo non molestiae maiores. Voluptatem architecto repellendus consequatur perspiciatis aut ea aspernatur.','paid','1985-04-05 00:31:39'),(27,27,27,'Dolor dolorem cum sed molestias quia in. Molestiae temporibus voluptates voluptatum vel non qui tempora. Rerum neque quaerat culpa natus voluptatem. Ea sed quasi est sunt nemo.','partially paid','2009-05-20 03:49:19'),(28,28,28,'Cum numquam illum eligendi harum omnis id dolorum. Cupiditate voluptatem temporibus doloribus culpa doloremque nihil rerum minus. Sit et repellat tempora ducimus facilis magnam quasi. Iure ut fuga hic labore quos voluptatem.','partially paid','1972-06-05 04:08:27'),(29,29,29,'Consequatur quas delectus corporis rerum in quo. Aut ut deleniti in. Ipsa facere neque sapiente doloremque quis hic. Voluptas rem ipsam possimus accusamus nostrum incidunt aut error.','partially paid','2020-09-11 23:22:39'),(30,30,30,'Voluptas necessitatibus omnis tempora ducimus officia quas. Soluta modi id aperiam ratione blanditiis. Aut sint officiis eum sint et dolorum ipsum aut.','paid','1997-01-04 08:28:06'),(31,31,31,'Error doloribus eius necessitatibus et rerum. Rerum illo perferendis minima rerum eos aut nobis perferendis. Voluptatem ipsum quos commodi.','unpaid','1971-10-27 23:12:44'),(32,32,32,'Corporis ut minus et sit itaque eum. Culpa qui odio architecto aut adipisci voluptas harum ut. Ullam qui hic veritatis molestiae. Sed explicabo atque sapiente ut.','unpaid','1989-05-04 23:40:04'),(33,33,33,'Assumenda pariatur ipsa voluptatem molestiae eos. Voluptas quidem nam iusto enim. Commodi ut et blanditiis exercitationem ipsam. Tempora perferendis sed aut dolorem nemo. Amet error illo delectus hic culpa facilis.','partially paid','1986-10-20 15:02:32'),(34,34,34,'Eos id similique deleniti quibusdam omnis quia soluta sunt. Voluptatem autem et temporibus aut voluptatem inventore quia. Ducimus alias dolores iure voluptas. Aut at eum eligendi tempora ut suscipit. Dolores aut omnis molestiae quibusdam.','paid','1973-09-27 14:41:10'),(35,35,35,'Nostrum reprehenderit est totam dolor sunt facilis voluptas. Impedit non consequuntur fugiat ipsum sit. Non placeat dolor consequatur adipisci quibusdam voluptatem. Placeat deserunt facere aperiam repellat. Cupiditate sed dicta voluptas quia.','paid','2018-12-02 03:30:08'),(36,36,36,'Beatae rerum nobis voluptatem quos rerum vel aut. Nobis explicabo a quidem necessitatibus reiciendis delectus saepe.','paid','1985-01-20 13:40:28'),(37,37,37,'Dolorem fugit cum quia exercitationem voluptatibus eaque nihil omnis. Odit eos non quos aliquam eius occaecati doloribus. Maxime vel qui architecto voluptatem expedita odio qui.','partially paid','1975-10-12 10:29:25'),(38,38,38,'Nesciunt nesciunt mollitia quaerat porro aspernatur. Sit aut cumque quia ipsum qui ab temporibus. Omnis voluptatem itaque nobis magnam. Est libero corrupti accusamus velit fuga.','unpaid','1994-04-25 01:22:11'),(39,39,39,'Ducimus sed consectetur dicta sed. Fugit aut et fuga placeat ut sunt. Quis laborum repellat iusto.','unpaid','2013-03-10 08:29:59'),(40,40,40,'Voluptatem et nisi et. Laboriosam quia tempora magni vitae quis delectus dolores deserunt. Nesciunt quia officiis ipsam aliquam commodi.','paid','1992-07-20 12:33:53'),(41,41,41,'Quidem aliquam et dolores velit odit commodi. Et possimus doloremque ipsum quibusdam qui in temporibus eos.','paid','1972-04-24 06:35:32'),(42,42,42,'Quibusdam blanditiis aut ab sit asperiores officia reiciendis. Provident quia ipsa molestias nihil quia est tempora. Dolore voluptate repudiandae quia consequatur sequi quia consectetur.','paid','2020-10-29 17:08:02'),(43,43,43,'Illum sint velit odit similique occaecati. Quae et aspernatur totam velit eum ipsam. Sit magnam aspernatur repellendus ullam ut dolores. Quibusdam deserunt expedita consectetur numquam libero.','unpaid','2009-12-31 19:06:09'),(44,44,44,'Pariatur enim itaque tenetur est. Amet modi suscipit officiis reprehenderit laborum ducimus. Unde quia hic perspiciatis voluptate. Numquam officiis iste animi repudiandae accusantium enim magnam.','unpaid','2005-04-20 17:58:11'),(45,45,45,'Quia temporibus beatae et. Harum libero est est et quidem. Culpa ipsa error fugit et consequatur distinctio. In dignissimos rerum iste qui at.','partially paid','2021-07-09 22:42:42'),(46,46,46,'Magni aut vel aspernatur. Alias repellendus reiciendis qui sit tempore explicabo. Aliquam facere ut voluptas debitis sit. Est architecto nobis ut rerum.','paid','1977-02-05 11:09:43'),(47,47,47,'Qui suscipit consequatur qui culpa. Labore ullam necessitatibus at accusantium voluptas qui voluptatem. Modi soluta deserunt natus laborum. Ut ea non ratione accusamus qui earum. Sit nemo consequuntur nesciunt nisi.','unpaid','1972-09-14 04:42:52'),(48,48,48,'Nihil dolorem consequatur ullam quae. At excepturi accusantium autem voluptate. Assumenda quod velit non maiores commodi.','paid','2011-10-14 23:59:20'),(49,49,49,'Qui blanditiis quis rerum est distinctio autem. Accusamus rerum pariatur facere sunt et quis delectus. Dignissimos est iusto consequuntur consequuntur suscipit.','paid','1987-03-13 15:55:13'),(50,50,50,'Impedit consequatur totam velit. Culpa non tempore quia consequatur natus odio. Nihil quos est nemo nam totam. Nobis minima corporis sunt explicabo eaque.','unpaid','1985-06-29 08:56:07'),(51,51,51,'Voluptatem sit quia cumque aperiam sit earum. Sequi voluptates in nihil tenetur asperiores natus aspernatur. Rerum ex quod quasi. Est et magni nam nihil et.','partially paid','1983-07-29 23:10:51'),(52,52,52,'Labore suscipit repellat necessitatibus adipisci odio non unde animi. Saepe ipsum officiis nesciunt repellendus quas. Sapiente rem sit sequi nemo tempora consequatur. Vero architecto quia sunt nesciunt ipsa.','paid','1987-02-18 12:48:40'),(53,53,53,'Praesentium ullam quasi et quia eaque dolore. Pariatur odio voluptas aut. Labore minima dolores et id sit vel ab. Harum quaerat nemo error totam sit maxime.','unpaid','1974-08-07 06:15:21'),(54,54,54,'Nihil quas ea excepturi. Sunt id animi non sint dolorem soluta. Quae illum natus exercitationem sequi quasi minus et.','paid','1999-03-23 05:03:01'),(55,55,55,'Dicta aut blanditiis provident assumenda assumenda molestias. Modi dolores dolore excepturi alias tempore. Nulla provident inventore enim.','unpaid','1995-01-07 07:43:55'),(56,56,56,'Mollitia numquam ea expedita eligendi impedit ea libero. Aperiam quas dicta aperiam earum eaque repudiandae nostrum. Voluptatibus dolores necessitatibus rerum ex quia architecto qui. Adipisci eius dicta illo est.','partially paid','2021-07-28 19:28:04'),(57,57,57,'Eos culpa est enim qui. Perferendis temporibus praesentium deserunt. Officiis pariatur aut perspiciatis et et odio aut.','unpaid','2014-06-22 21:03:04'),(58,58,58,'Reprehenderit commodi dignissimos quia sed. Officiis quo asperiores ex eveniet aut. Corporis occaecati consequuntur placeat voluptatibus. Odit porro sapiente ut minus recusandae explicabo.','partially paid','2002-03-27 21:51:40'),(59,59,59,'Consequatur asperiores soluta minima suscipit incidunt dolor nulla et. Doloremque tempore vitae corporis quam sit consequatur tempore. Minus sed sint tempora sit officiis voluptatem. Culpa distinctio placeat culpa et quia atque.','partially paid','1978-05-30 08:46:10'),(60,60,60,'Corporis ut voluptate harum repellat consequuntur adipisci culpa. Optio repellendus sit quis. Dolor inventore doloremque quia eveniet est a maiores.','paid','1982-07-12 02:40:32'),(61,61,61,'Tempora vero dolores sit non deleniti esse. Id iste ea vitae rerum qui in. Tempora nulla sit doloremque ipsum illo. Sint voluptatum voluptatibus voluptate ut sequi sed incidunt excepturi.','unpaid','2013-01-25 10:45:30'),(62,62,62,'Nulla tenetur qui temporibus doloribus et voluptatum voluptatem. Vel sint consequatur sint dolores aperiam aut. Vel aut inventore vero est quidem quasi ut facere. Ad velit illo consequuntur expedita soluta suscipit sint.','unpaid','2015-04-12 04:24:07'),(63,63,63,'Architecto repellendus distinctio tempore eveniet enim dolorem. Omnis harum repellendus eum harum. Mollitia sed saepe facilis totam.','unpaid','1994-03-08 17:16:45'),(64,64,64,'Ea porro repudiandae natus quidem. Voluptates blanditiis veniam esse suscipit qui velit. Nihil est dignissimos earum omnis accusantium.','paid','2006-03-23 11:52:29'),(65,65,65,'Nobis nihil et ullam illo. Quia non molestiae harum nulla voluptatem sequi. Labore quis at aut deleniti ipsam.','paid','2021-12-15 00:48:18'),(66,66,66,'Dignissimos provident qui iure in adipisci. Eos magni consectetur eaque quo sed enim. Unde omnis ex voluptatem vel et praesentium earum repellendus. Fuga et consequuntur alias vero.','partially paid','2018-07-30 00:50:45'),(67,67,67,'Eum deserunt quaerat eum debitis et. Est magni nihil et delectus harum. Id repellendus officia voluptas odit quos. Totam magni non maxime earum.','unpaid','1995-07-08 09:29:52'),(68,68,68,'Voluptas quis in quidem adipisci mollitia voluptatum asperiores. Voluptatibus nemo animi omnis totam quia. Tempore consequatur corrupti facere quia. Exercitationem omnis dolor earum illum eius.','paid','2015-09-25 09:09:27'),(69,69,69,'Ratione nihil voluptatem maiores ut. Repellendus quia quia maxime reiciendis sint. Tempora atque rem eum ut. Ea et ex exercitationem consequatur facilis.','partially paid','1979-11-10 18:27:25'),(70,70,70,'Hic aspernatur molestias est quia facilis dolore. Et debitis est necessitatibus mollitia voluptatem. Accusamus qui ipsa laboriosam assumenda molestiae. Voluptatem quia fuga sunt eos similique fugit qui recusandae.','unpaid','2001-10-28 22:49:30'),(71,71,71,'Quia aspernatur facere et maiores. Aspernatur nesciunt ut asperiores laudantium velit. Omnis amet rem voluptas.','partially paid','1995-09-07 08:46:40'),(72,72,72,'Cum rerum numquam nisi et vel voluptas perferendis. Sit architecto qui omnis quo veritatis rerum corporis. Non harum officia eligendi repellat omnis.','partially paid','2015-08-02 10:25:05'),(73,73,73,'Sunt deserunt necessitatibus praesentium. Dolorem voluptatibus harum laudantium culpa delectus. Qui eligendi expedita cumque quis quasi sed. Consequatur sapiente molestiae accusamus sint labore. Voluptatem fugit tenetur doloribus molestiae corporis minus.','unpaid','1997-11-17 05:33:46'),(74,74,74,'Qui sunt voluptas eum voluptatem impedit nostrum. Tenetur eum quia magni rem voluptatum. Aut esse quos quis ea. Non vero omnis eum.','unpaid','2020-09-27 11:28:22'),(75,75,75,'Nisi veniam dicta corporis quo quia. Recusandae inventore sit corrupti fuga sed voluptas libero maiores. Dolore quia ullam sint facilis dolores nostrum quisquam. Doloremque non facilis et fuga.','unpaid','1974-04-30 04:09:41'),(76,76,76,'Molestiae ad aut vero tempore quos ut. Et aut rerum magnam repellendus beatae. Veritatis laborum nisi et sed.','paid','2015-06-27 04:49:51'),(77,77,77,'Explicabo quia mollitia rerum iure blanditiis corrupti autem distinctio. Et occaecati nihil repudiandae modi impedit sequi libero molestiae. Unde ex suscipit officia quo et consequatur reiciendis ea. Adipisci qui dolore voluptatem doloribus beatae alias.','unpaid','2008-07-11 12:43:03'),(78,78,78,'Error eum laudantium ex qui nam magni. Reiciendis occaecati nostrum ut nihil quas harum placeat. Iusto quo quia quia numquam recusandae.','partially paid','1974-08-24 14:10:34'),(79,79,79,'Consequatur aut accusamus molestias. Consectetur necessitatibus minus ea amet et. Vero quia et nesciunt minima.','unpaid','1973-03-13 05:15:52'),(80,80,80,'Dignissimos error qui hic voluptatem praesentium. Modi modi reprehenderit aut vel facere dolorum nihil expedita. Eos vel cum voluptatum dolores pariatur cupiditate voluptatum. Facere perspiciatis autem quisquam ut voluptas voluptatem illum. Commodi in quibusdam sequi fugit ad laborum quisquam.','unpaid','1976-08-10 14:22:55'),(81,81,81,'Assumenda enim soluta voluptas ducimus sed assumenda deleniti. Rerum voluptate accusantium dolore rerum praesentium eos. Eligendi ullam necessitatibus a repudiandae.','partially paid','2005-01-06 10:58:44'),(82,82,82,'Molestias delectus tempore asperiores at. Eos labore itaque molestias alias. Consectetur voluptas odit quas sequi. Quidem est velit quo fuga aut.','partially paid','2013-07-30 08:45:05'),(83,83,83,'Explicabo illo qui ducimus nulla. Enim accusamus porro voluptates cupiditate. Tempore expedita enim consequatur et officiis. Dolore sint id est.','unpaid','1995-08-08 06:00:30'),(84,84,84,'Repudiandae rerum illo officia voluptate nam et consequuntur est. Doloremque alias laborum eveniet ipsam expedita. Eius quia veniam aperiam facilis sit est.','unpaid','1993-11-29 23:13:34'),(85,85,85,'Ut adipisci voluptate quod et sint non et. Ad omnis omnis sunt voluptatum. Vel a expedita dignissimos esse. Amet nostrum ut dolore corrupti dolor non ducimus.','paid','2020-07-25 18:48:21'),(86,86,86,'Distinctio aut odio ducimus repellat. Recusandae qui et placeat non ut et. In aut dignissimos ea amet iusto dolores aliquam. Explicabo et qui impedit.','paid','2000-01-29 19:54:00'),(87,87,87,'Eveniet in ipsum accusamus similique. Molestias ut sed totam quis explicabo. Dolorum amet voluptatem earum praesentium sit magni aspernatur. Est in fuga nemo porro.','partially paid','2020-02-26 07:39:23'),(88,88,88,'Architecto tempore sapiente ut. Aut id consectetur voluptate consequatur accusantium est sunt. Porro rerum voluptas voluptate.','unpaid','2006-04-07 08:07:07'),(89,89,89,'Sint suscipit architecto et voluptatem. Modi delectus perferendis voluptatem ab et aut et. Dignissimos occaecati perspiciatis cumque doloremque non. Omnis voluptate ea officia est voluptatem.','partially paid','1989-07-22 21:45:28'),(90,90,90,'Distinctio facere qui aut aperiam. Velit non dolor dolor eum itaque ut expedita. Tempora nihil ut voluptas eum. Veniam aut omnis amet quas enim.','unpaid','2021-12-11 04:57:23'),(91,91,91,'Dolor minus tenetur quis repudiandae et quam. Et molestiae velit voluptatibus sed molestiae. Omnis rem qui nisi omnis quae harum.','partially paid','1997-06-12 22:39:47'),(92,92,92,'Autem quia dolores laboriosam unde illum necessitatibus. Voluptate debitis voluptatum est in minus expedita quibusdam illum.','partially paid','1988-09-29 20:55:28'),(93,93,93,'Provident eaque quia sapiente eum dolores asperiores doloribus. Debitis enim modi architecto quisquam. Et dolores autem repellendus maxime iure.','partially paid','1986-11-17 15:52:30'),(94,94,94,'Eveniet qui porro atque dolores nulla. Voluptatem et voluptatem harum dolor numquam dolores laboriosam. Deleniti occaecati amet nam quo omnis quia.','partially paid','1982-03-26 17:49:15'),(95,95,95,'Libero aspernatur in ab voluptatem. Hic culpa ullam voluptatem. Eveniet et harum et laudantium cumque tempore officia.','partially paid','1982-11-14 03:46:21'),(96,96,96,'Quia molestias inventore iusto perspiciatis saepe delectus mollitia. Voluptates enim dolorem qui nesciunt consequatur eum praesentium. Qui ut nesciunt nemo dolore deleniti maxime delectus. Quas perferendis magnam ea.','paid','1984-07-04 18:17:51'),(97,97,97,'Non autem optio omnis voluptates repellendus. Doloremque voluptates unde facilis quia quis. Distinctio est nihil vitae rerum facere ad. Mollitia incidunt quia porro sint quis.','paid','2003-10-09 21:40:20'),(98,98,98,'Consequuntur sed itaque sunt et velit vitae. Rerum nulla sit et. Repellendus vel ullam necessitatibus dolor. Quam vitae dolorem architecto ea quia sit provident.','unpaid','1973-11-18 22:23:26'),(99,99,99,'Eos enim aliquid voluptatem dolorum. Non dolore dolores nisi numquam ea atque libero. Quia possimus placeat dolorum ut voluptatem. Corporis sed autem modi minus dolorum.','paid','1973-05-27 16:41:13'),(100,100,100,'Aut voluptas illum voluptas autem libero provident. Officiis ipsum et aut in. Accusantium aperiam suscipit sed harum accusamus nostrum perferendis est.','partially paid','1983-06-25 14:15:05');
/*!40000 ALTER TABLE `orders` ENABLE KEYS */;
UNLOCK TABLES;

--
-- Table structure for table `orders_services`
--

DROP TABLE IF EXISTS `orders_services`;
/*!40101 SET @saved_cs_client     = @@character_set_client */;
/*!40101 SET character_set_client = utf8 */;
CREATE TABLE `orders_services` (
  `services_id` bigint(20) unsigned NOT NULL,
  `orders_id` bigint(20) unsigned NOT NULL,
  `created_at` datetime DEFAULT current_timestamp(),
  `updated_at` datetime DEFAULT current_timestamp() ON UPDATE current_timestamp(),
  PRIMARY KEY (`services_id`,`orders_id`),
  KEY `orders_id` (`orders_id`),
  CONSTRAINT `orders_services_ibfk_1` FOREIGN KEY (`services_id`) REFERENCES `services` (`id`) ON DELETE CASCADE ON UPDATE CASCADE,
  CONSTRAINT `orders_services_ibfk_2` FOREIGN KEY (`orders_id`) REFERENCES `orders` (`id`) ON DELETE CASCADE ON UPDATE CASCADE
) ENGINE=InnoDB DEFAULT CHARSET=utf8mb4 COLLATE=utf8mb4_unicode_ci;
/*!40101 SET character_set_client = @saved_cs_client */;

--
-- Dumping data for table `orders_services`
--

LOCK TABLES `orders_services` WRITE;
/*!40000 ALTER TABLE `orders_services` DISABLE KEYS */;
INSERT INTO `orders_services` VALUES (1,1,'2004-04-28 13:23:36','2003-02-25 15:07:55'),(2,2,'1991-03-19 07:27:55','1995-07-11 19:19:54'),(3,3,'1994-01-13 05:27:01','1970-05-25 11:31:52'),(4,4,'1987-05-11 02:35:08','2007-03-29 21:10:22'),(5,5,'1970-11-29 23:27:46','2021-06-14 20:14:07'),(6,6,'2017-04-30 05:57:26','1985-04-04 12:39:27'),(7,7,'2006-05-22 19:43:43','2012-09-09 12:48:30'),(8,8,'1983-07-06 09:53:33','2000-07-03 00:57:44'),(9,9,'2010-06-23 22:42:52','2008-10-03 06:14:42'),(10,10,'1992-12-11 19:13:12','2006-11-10 10:07:03'),(11,11,'2008-09-25 11:19:03','1996-06-01 19:42:21'),(12,12,'2019-02-24 07:55:49','1977-04-16 11:11:30'),(13,13,'1973-02-03 16:38:04','1987-09-17 22:22:41'),(14,14,'1999-11-23 02:26:51','2016-06-07 00:15:55'),(15,15,'1985-05-22 06:27:32','2007-09-09 03:56:01'),(16,16,'1979-07-24 04:37:31','1993-03-03 07:14:59'),(17,17,'2015-09-17 10:18:40','2008-03-14 02:16:27'),(18,18,'1999-06-16 19:54:31','1989-07-24 10:37:19'),(19,19,'2002-06-05 00:39:41','1987-10-11 13:47:05'),(20,20,'2004-09-06 15:23:08','2019-10-23 13:04:49'),(21,21,'1990-04-05 18:36:50','1984-06-09 00:38:54'),(22,22,'1987-09-10 08:25:13','1972-09-28 18:14:42'),(23,23,'1987-12-01 11:59:09','1970-02-03 02:05:40'),(24,24,'2020-12-13 16:33:56','1997-09-20 10:08:06'),(25,25,'1988-04-26 07:55:19','2016-05-06 05:12:42'),(26,26,'2004-10-21 23:31:55','1971-11-18 23:16:18'),(27,27,'2020-06-12 00:34:03','1977-05-13 07:39:08'),(28,28,'2003-05-20 16:19:19','1971-04-02 21:42:03'),(29,29,'1978-03-16 21:43:02','1996-04-17 16:40:54'),(30,30,'1983-02-12 17:05:21','2021-05-30 06:57:14'),(31,31,'1978-01-17 12:19:41','1972-01-15 01:28:28'),(32,32,'2018-10-27 08:44:44','1998-10-22 15:54:19'),(33,33,'2021-10-19 09:11:09','1972-07-29 16:54:47'),(34,34,'2018-08-21 00:41:45','2011-11-21 20:26:20'),(35,35,'1970-06-12 16:14:29','2015-03-03 05:35:32'),(36,36,'1982-02-03 17:05:29','2021-08-11 07:35:38'),(37,37,'1975-07-01 03:43:13','1985-09-06 10:13:35'),(38,38,'2009-12-19 03:28:40','2009-08-11 20:47:35'),(39,39,'1991-02-28 06:18:23','1970-05-24 11:51:17'),(40,40,'1970-01-09 21:03:41','2012-11-08 12:09:43'),(41,41,'1990-07-28 15:48:18','1997-02-06 13:08:57'),(42,42,'1981-02-13 08:36:36','2009-05-15 08:15:12'),(43,43,'1973-11-14 19:03:17','1983-05-03 22:56:01'),(44,44,'1989-04-09 09:47:05','1996-07-25 03:47:38'),(45,45,'1987-03-24 09:07:01','1992-04-23 04:33:53'),(46,46,'1977-06-16 01:24:16','1989-03-06 03:46:03'),(47,47,'2003-01-19 13:23:28','1978-05-14 23:24:47'),(48,48,'1994-05-09 13:23:47','2021-02-05 02:58:57'),(49,49,'1995-08-13 16:33:39','1997-03-08 11:21:05'),(50,50,'2003-03-26 22:43:17','2002-02-03 08:36:48'),(51,51,'1980-05-12 20:46:54','2017-04-05 16:01:58'),(52,52,'2007-07-06 20:11:01','2020-02-19 21:19:31'),(53,53,'1990-05-16 17:35:18','2022-02-16 05:07:32'),(54,54,'1976-03-12 17:22:19','2008-03-14 02:31:33'),(55,55,'1984-03-13 18:49:42','2013-03-03 22:11:48'),(56,56,'2009-04-10 17:13:09','1997-09-28 21:11:57'),(57,57,'1979-05-25 10:22:44','1982-09-08 10:11:17'),(58,58,'1991-06-13 07:39:53','1987-03-02 18:59:07'),(59,59,'2015-08-11 04:02:23','2018-07-29 20:59:18'),(60,60,'1992-08-20 06:02:52','1971-12-13 01:55:03'),(61,61,'1995-03-25 15:44:18','1989-07-20 10:04:54'),(62,62,'1970-09-17 15:24:37','2009-02-08 11:10:40'),(63,63,'2007-12-23 08:33:09','1972-08-23 20:06:55'),(64,64,'1979-07-04 05:12:09','1993-09-21 06:58:43'),(65,65,'1991-01-13 14:30:09','1972-06-09 11:40:23'),(66,66,'1980-12-14 16:07:54','1979-10-13 15:47:14'),(67,67,'2008-02-24 21:22:16','1993-05-24 09:51:25'),(68,68,'1975-10-24 13:47:22','1999-04-15 23:00:11'),(69,69,'2009-08-11 15:46:10','1977-01-23 07:49:25'),(70,70,'1987-06-26 12:55:27','1974-10-23 00:44:12'),(71,71,'1994-01-10 19:17:27','1983-12-15 18:53:02'),(72,72,'1995-09-09 12:48:45','2015-07-25 00:32:27'),(73,73,'1976-04-30 16:53:44','2016-12-27 19:01:35'),(74,74,'1998-06-29 18:46:05','2016-02-19 06:54:54'),(75,75,'2019-01-26 12:51:47','1996-09-22 10:48:25'),(76,76,'1990-06-12 10:13:53','1970-07-19 18:49:42'),(77,77,'1975-11-25 02:45:00','1972-04-06 10:58:53'),(78,78,'2022-02-17 23:08:57','1971-12-19 18:20:04'),(79,79,'1978-09-11 10:02:41','1993-03-23 12:24:42'),(80,80,'2022-01-25 05:18:12','1995-12-19 08:59:33'),(81,81,'2002-07-06 17:38:01','2018-09-23 21:27:52'),(82,82,'1994-02-09 00:08:13','1995-12-12 11:54:44'),(83,83,'1981-11-23 04:21:14','2016-04-11 19:57:43'),(84,84,'1981-02-25 15:04:37','2016-07-12 14:08:19'),(85,85,'2000-08-01 19:19:25','1999-06-30 06:10:18'),(86,86,'2009-01-25 04:14:48','1979-11-02 00:57:33'),(87,87,'1970-04-22 14:50:17','1989-12-04 02:04:42'),(88,88,'1998-08-16 12:55:49','1977-05-07 14:19:04'),(89,89,'2016-07-20 20:17:29','2009-05-24 10:10:01'),(90,90,'1977-08-19 01:49:01','2018-10-17 00:54:47'),(91,91,'2020-05-19 21:49:15','1997-05-30 16:49:41'),(92,92,'1992-11-28 07:08:11','1992-08-09 23:12:24'),(93,93,'2010-08-23 20:57:40','2003-09-02 02:12:09'),(94,94,'1996-06-05 18:04:45','1995-03-04 04:53:03'),(95,95,'2014-12-17 13:42:44','1995-12-18 22:42:18'),(96,96,'1994-07-18 22:16:42','2015-10-11 16:24:36'),(97,97,'2002-11-17 02:51:07','1986-07-22 22:24:04'),(98,98,'1970-05-17 17:37:45','1980-07-21 09:20:05'),(99,99,'1994-04-20 04:10:06','2006-01-31 22:16:20'),(100,100,'1976-05-17 14:44:14','1998-01-04 17:57:40');
/*!40000 ALTER TABLE `orders_services` ENABLE KEYS */;
UNLOCK TABLES;

--
-- Table structure for table `results_genes`
--

DROP TABLE IF EXISTS `results_genes`;
/*!40101 SET @saved_cs_client     = @@character_set_client */;
/*!40101 SET character_set_client = utf8 */;
CREATE TABLE `results_genes` (
  `laboratory_1_id` bigint(20) unsigned NOT NULL,
  `genotypes_id` bigint(20) unsigned NOT NULL,
  `staff_id` bigint(20) unsigned NOT NULL,
  `created_at` datetime DEFAULT current_timestamp(),
  `updated_at` datetime DEFAULT current_timestamp() ON UPDATE current_timestamp(),
  PRIMARY KEY (`laboratory_1_id`,`genotypes_id`),
  KEY `genotypes_id` (`genotypes_id`),
  KEY `staff_id` (`staff_id`),
  CONSTRAINT `results_genes_ibfk_1` FOREIGN KEY (`genotypes_id`) REFERENCES `genotypes` (`id`) ON DELETE CASCADE ON UPDATE CASCADE,
  CONSTRAINT `results_genes_ibfk_2` FOREIGN KEY (`laboratory_1_id`) REFERENCES `laboratory_1` (`id`) ON DELETE CASCADE ON UPDATE CASCADE,
  CONSTRAINT `results_genes_ibfk_3` FOREIGN KEY (`staff_id`) REFERENCES `staff` (`id`) ON DELETE CASCADE ON UPDATE CASCADE
) ENGINE=InnoDB DEFAULT CHARSET=utf8mb4 COLLATE=utf8mb4_unicode_ci;
/*!40101 SET character_set_client = @saved_cs_client */;

--
-- Dumping data for table `results_genes`
--

LOCK TABLES `results_genes` WRITE;
/*!40000 ALTER TABLE `results_genes` DISABLE KEYS */;
INSERT INTO `results_genes` VALUES (1,1,1,'1975-08-19 06:30:28','1973-12-24 01:30:15'),(2,2,2,'2002-03-28 12:57:02','2016-06-19 23:08:19'),(3,3,3,'2012-10-14 00:16:56','1984-05-02 18:35:57'),(4,4,4,'2008-01-07 17:17:53','1970-10-06 11:43:38'),(5,5,5,'1986-09-23 12:07:51','1976-03-10 00:45:59'),(6,6,6,'2017-03-20 13:38:56','2002-07-18 05:06:58'),(7,7,7,'1989-02-21 09:36:28','1973-07-28 04:05:05'),(8,8,8,'1979-05-02 06:19:14','2004-06-28 12:11:35'),(9,9,9,'2009-09-07 05:24:38','2000-10-18 20:30:32'),(10,10,10,'1974-09-24 17:11:29','1991-11-02 02:39:36'),(11,11,11,'1976-12-28 04:50:04','1978-08-04 07:15:19'),(12,12,12,'2002-03-17 10:18:02','1976-09-04 17:01:56'),(13,13,13,'1991-02-06 03:54:56','1975-12-18 07:46:51'),(14,14,14,'2018-02-05 21:28:32','1997-11-02 04:44:21'),(15,15,15,'2003-08-15 07:01:46','2019-09-13 01:57:50'),(16,16,16,'2008-01-16 20:10:01','1980-12-11 19:44:02'),(17,17,17,'1978-09-02 23:18:12','2002-01-29 21:04:14'),(18,18,18,'1983-08-09 17:24:48','2021-07-01 20:27:54'),(19,19,19,'1991-06-20 04:55:55','2006-09-25 15:22:20'),(20,20,20,'2003-08-26 06:46:04','2016-01-30 02:59:12'),(21,21,21,'2008-09-28 08:46:17','2003-03-11 12:43:29'),(22,22,22,'1998-10-20 05:13:17','1992-09-24 23:56:06'),(23,23,23,'1994-01-21 02:12:37','1999-07-24 20:39:13'),(24,24,24,'2015-09-30 03:03:17','1989-08-31 07:03:14'),(25,25,25,'1985-01-13 11:02:09','2007-05-24 22:18:03'),(26,26,26,'2017-12-28 00:34:10','1977-05-19 23:43:31'),(27,27,27,'2017-07-10 16:21:55','2011-06-25 14:45:41'),(28,28,28,'1990-08-02 18:53:04','2020-05-08 09:35:57'),(29,29,29,'2017-05-09 18:49:43','2014-05-13 11:34:20'),(30,30,30,'1993-06-15 21:37:45','2004-03-01 11:52:45'),(31,31,31,'1979-12-08 19:09:32','2000-02-06 15:49:15'),(32,32,32,'2006-10-02 00:40:54','2007-02-07 19:30:41'),(33,33,33,'2018-03-18 13:34:35','2010-02-26 22:06:31'),(34,34,34,'2015-03-10 12:54:15','1980-07-27 18:35:35'),(35,35,35,'2015-07-16 17:58:25','1970-10-21 07:02:59'),(36,36,36,'1975-10-11 08:20:19','1986-11-13 02:42:29'),(37,37,37,'1984-08-03 03:54:39','2010-06-16 08:08:58'),(38,38,38,'1993-07-22 05:38:41','2002-10-20 21:07:25'),(39,39,39,'1970-07-18 19:59:26','2006-08-12 19:12:44'),(40,40,40,'1978-11-19 05:04:58','2007-08-16 12:15:18'),(41,41,41,'2015-05-22 19:41:56','2006-07-24 16:01:52'),(42,42,42,'1977-06-30 16:18:33','2007-08-16 18:48:46'),(43,43,43,'1996-03-16 14:36:07','2000-01-10 04:08:00'),(44,44,44,'1979-03-25 15:17:48','1985-07-29 03:41:49'),(45,45,45,'2011-01-08 23:29:12','2012-02-14 14:53:09'),(46,46,46,'2022-01-18 12:48:29','1971-03-09 01:45:54'),(47,47,47,'1981-02-23 17:22:33','2012-07-08 21:42:36'),(48,48,48,'2017-07-16 13:34:57','1999-03-21 05:03:39'),(49,49,49,'2010-12-07 01:42:42','2002-12-03 20:28:07'),(50,50,50,'1977-06-28 23:00:35','2013-02-05 05:02:05'),(51,51,51,'1973-12-06 00:38:30','2009-12-22 17:00:31'),(52,52,52,'1979-06-25 23:40:36','1971-10-25 06:43:42'),(53,53,53,'1985-07-11 02:15:19','1973-09-18 05:01:05'),(54,54,54,'1974-03-23 18:49:37','1984-03-15 16:03:03'),(55,55,55,'2004-10-05 01:41:40','2021-11-21 05:30:17'),(56,56,56,'2000-06-06 23:05:36','1985-07-14 04:01:59'),(57,57,57,'2012-11-29 22:28:35','1994-07-10 19:49:06'),(58,58,58,'1979-05-05 16:24:19','2016-09-11 16:13:53'),(59,59,59,'1973-03-13 02:49:02','2003-12-27 05:08:30'),(60,60,60,'1971-11-07 04:46:54','1993-08-08 05:11:01'),(61,61,61,'1979-08-18 23:09:54','2012-05-23 12:30:53'),(62,62,62,'2015-03-31 15:12:36','1974-12-23 01:22:44'),(63,63,63,'1978-06-14 12:25:02','1991-01-23 00:45:48'),(64,64,64,'2021-03-13 20:50:47','2010-08-17 17:13:07'),(65,65,65,'1981-11-06 12:46:36','2019-07-03 12:49:39'),(66,66,66,'1971-03-14 12:09:21','1977-02-03 11:06:34'),(67,67,67,'2013-07-13 07:03:51','2012-08-11 13:45:48'),(68,68,68,'2004-01-03 15:58:06','2007-08-04 02:03:31'),(69,69,69,'1972-12-19 16:27:25','2001-08-25 16:53:42'),(70,70,70,'1986-06-26 14:44:47','2017-09-20 15:22:59'),(71,71,71,'1982-11-30 05:05:15','2015-11-12 09:56:10'),(72,72,72,'2007-05-06 09:21:37','1978-11-13 10:20:59'),(73,73,73,'1995-03-02 18:39:54','1981-02-22 05:25:17'),(74,74,74,'2010-08-22 07:44:54','1999-06-08 07:24:22'),(75,75,75,'1972-02-13 04:59:46','2001-09-28 16:54:14'),(76,76,76,'1984-01-06 02:54:57','1999-08-31 15:13:07'),(77,77,77,'2013-02-14 13:26:58','1980-11-28 05:42:54'),(78,78,78,'2017-06-07 07:54:36','2007-04-06 05:46:52'),(79,79,79,'1998-02-26 08:57:42','2006-02-24 22:55:36'),(80,80,80,'1984-03-08 10:13:10','2010-10-01 01:25:04'),(81,81,81,'1988-04-12 11:10:30','2002-02-14 01:05:31'),(82,82,82,'1973-12-22 05:25:05','2015-06-10 13:44:30'),(83,83,83,'2015-09-16 07:33:54','1984-05-26 04:36:17'),(84,84,84,'2009-05-09 12:08:41','1994-06-16 01:48:53'),(85,85,85,'1976-03-16 06:37:37','1998-11-28 14:32:24'),(86,86,86,'1997-12-05 14:50:43','1998-06-01 02:53:09'),(87,87,87,'1984-05-25 21:36:56','2014-07-04 04:03:45'),(88,88,88,'2006-12-11 01:28:24','1992-02-25 01:49:22'),(89,89,89,'1974-05-12 00:01:56','2008-07-24 10:39:21'),(90,90,90,'1986-10-12 10:22:43','1982-09-04 01:14:38'),(91,91,91,'2003-05-29 16:28:19','1983-03-02 21:05:18'),(92,92,92,'1991-03-11 10:15:38','1983-08-16 02:30:46'),(93,93,93,'1980-06-30 00:14:47','1991-02-23 16:18:58'),(94,94,94,'2008-04-28 17:13:24','2006-11-19 20:03:04'),(95,95,95,'2022-02-11 23:11:42','2017-01-30 06:13:28'),(96,96,96,'1985-04-24 17:15:38','2019-07-19 22:11:48'),(97,97,97,'2004-07-02 17:38:20','2013-10-31 10:58:05'),(98,98,98,'2006-03-10 00:33:06','2008-07-08 14:11:07'),(99,99,99,'1999-08-11 00:16:40','1978-06-05 00:07:57'),(100,100,100,'1972-05-31 11:11:14','1987-01-10 07:52:39');
/*!40000 ALTER TABLE `results_genes` ENABLE KEYS */;
UNLOCK TABLES;

--
-- Table structure for table `service_gene`
--

DROP TABLE IF EXISTS `service_gene`;
/*!40101 SET @saved_cs_client     = @@character_set_client */;
/*!40101 SET character_set_client = utf8 */;
CREATE TABLE `service_gene` (
  `service_id` bigint(20) unsigned NOT NULL,
  `genes_id` bigint(20) unsigned NOT NULL,
  PRIMARY KEY (`service_id`,`genes_id`),
  KEY `genes_id` (`genes_id`),
  CONSTRAINT `service_gene_ibfk_1` FOREIGN KEY (`service_id`) REFERENCES `services` (`id`) ON DELETE CASCADE ON UPDATE CASCADE,
  CONSTRAINT `service_gene_ibfk_2` FOREIGN KEY (`genes_id`) REFERENCES `genes` (`id`) ON DELETE CASCADE ON UPDATE CASCADE
) ENGINE=InnoDB DEFAULT CHARSET=utf8mb4 COLLATE=utf8mb4_unicode_ci;
/*!40101 SET character_set_client = @saved_cs_client */;

--
-- Dumping data for table `service_gene`
--

LOCK TABLES `service_gene` WRITE;
/*!40000 ALTER TABLE `service_gene` DISABLE KEYS */;
INSERT INTO `service_gene` VALUES (1,1),(2,2),(3,3),(4,4),(5,5),(6,6),(7,7),(8,8),(9,9),(10,10),(11,11),(12,12),(13,13),(14,14),(15,15),(16,16),(17,17),(18,18),(19,19),(20,20),(21,21),(22,22),(23,23),(24,24),(25,25),(26,26),(27,27),(28,28),(29,29),(30,30),(31,31),(32,32),(33,33),(34,34),(35,35),(36,36),(37,37),(38,38),(39,39),(40,40),(41,41),(42,42),(43,43),(44,44),(45,45),(46,46),(47,47),(48,48),(49,49),(50,50),(51,51),(52,52),(53,53),(54,54),(55,55),(56,56),(57,57),(58,58),(59,59),(60,60),(61,61),(62,62),(63,63),(64,64),(65,65),(66,66),(67,67),(68,68),(69,69),(70,70),(71,71),(72,72),(73,73),(74,74),(75,75),(76,76),(77,77),(78,78),(79,79),(80,80),(81,81),(82,82),(83,83),(84,84),(85,85),(86,86),(87,87),(88,88),(89,89),(90,90),(91,91),(92,92),(93,93),(94,94),(95,95),(96,96),(97,97),(98,98),(99,99),(100,100);
/*!40000 ALTER TABLE `service_gene` ENABLE KEYS */;
UNLOCK TABLES;

--
-- Table structure for table `services`
--

DROP TABLE IF EXISTS `services`;
/*!40101 SET @saved_cs_client     = @@character_set_client */;
/*!40101 SET character_set_client = utf8 */;
CREATE TABLE `services` (
  `id` bigint(20) unsigned NOT NULL AUTO_INCREMENT,
  `genes_id` bigint(20) unsigned DEFAULT NULL,
  `complex_with_gene_id` bigint(20) unsigned DEFAULT NULL,
  `price` decimal(11,2) DEFAULT NULL COMMENT 'Цена',
  PRIMARY KEY (`id`),
  KEY `FK_complex_with_gene` (`complex_with_gene_id`),
  CONSTRAINT `FK_complex_with_gene` FOREIGN KEY (`complex_with_gene_id`) REFERENCES `complex_with_gene` (`id`) ON DELETE CASCADE ON UPDATE CASCADE
) ENGINE=InnoDB AUTO_INCREMENT=101 DEFAULT CHARSET=utf8mb4 COLLATE=utf8mb4_unicode_ci;
/*!40101 SET character_set_client = @saved_cs_client */;

--
-- Dumping data for table `services`
--

LOCK TABLES `services` WRITE;
/*!40000 ALTER TABLE `services` DISABLE KEYS */;
INSERT INTO `services` VALUES (1,1,1,8.58),(2,2,2,6608430.19),(3,3,3,4655508.22),(4,4,4,859.71),(5,5,5,381099.10),(6,6,6,261.80),(7,7,7,8926.26),(8,8,8,30.24),(9,9,9,38408.00),(10,10,10,128811562.25),(11,11,11,1819391.47),(12,12,12,583586.44),(13,13,13,286358.26),(14,14,14,866.85),(15,15,15,43394216.23),(16,16,16,0.00),(17,17,17,44273.25),(18,18,18,0.00),(19,19,19,98.00),(20,20,20,170534493.81),(21,21,21,174823939.00),(22,22,22,0.92),(23,23,23,5173325.73),(24,24,24,0.00),(25,25,25,61.02),(26,26,26,156736.76),(27,27,27,164401.51),(28,28,28,4.84),(29,29,29,8227649.30),(30,30,30,12.37),(31,31,31,0.00),(32,32,32,7158128.98),(33,33,33,33024275.40),(34,34,34,0.00),(35,35,35,1.25),(36,36,36,530742.04),(37,37,37,66.80),(38,38,38,1075736.92),(39,39,39,0.00),(40,40,40,141.09),(41,41,41,250.56),(42,42,42,0.00),(43,43,43,0.57),(44,44,44,4193712.09),(45,45,45,621455.77),(46,46,46,89.30),(47,47,47,266054.95),(48,48,48,4530.56),(49,49,49,165502479.60),(50,50,50,13839.00),(51,51,51,23275389.80),(52,52,52,1164306.67),(53,53,53,2599619.19),(54,54,54,403.26),(55,55,55,5.66),(56,56,56,20.90),(57,57,57,692.65),(58,58,58,186.38),(59,59,59,26.90),(60,60,60,2237.40),(61,61,61,1098.14),(62,62,62,0.00),(63,63,63,132639.07),(64,64,64,304846.51),(65,65,65,5.20),(66,66,66,50281.85),(67,67,67,4355.03),(68,68,68,5936823.70),(69,69,69,30962.30),(70,70,70,604356524.19),(71,71,71,5187.00),(72,72,72,3179.23),(73,73,73,8934815.05),(74,74,74,0.00),(75,75,75,4596325.68),(76,76,76,35.81),(77,77,77,1781443.32),(78,78,78,689710443.30),(79,79,79,269824.41),(80,80,80,45160.35),(81,81,81,278.83),(82,82,82,0.58),(83,83,83,4644708.46),(84,84,84,2319.21),(85,85,85,9392.80),(86,86,86,0.00),(87,87,87,26661099.15),(88,88,88,1384.60),(89,89,89,231171416.87),(90,90,90,3541.43),(91,91,91,128392.00),(92,92,92,5688231.70),(93,93,93,393459.32),(94,94,94,35.35),(95,95,95,1.21),(96,96,96,32010.60),(97,97,97,1.62),(98,98,98,0.00),(99,99,99,24572.11),(100,100,100,38549.82);
/*!40000 ALTER TABLE `services` ENABLE KEYS */;
UNLOCK TABLES;

--
-- Table structure for table `staff`
--

DROP TABLE IF EXISTS `staff`;
/*!40101 SET @saved_cs_client     = @@character_set_client */;
/*!40101 SET character_set_client = utf8 */;
CREATE TABLE `staff` (
  `id` bigint(20) unsigned NOT NULL AUTO_INCREMENT,
  `name_lab` varchar(80) COLLATE utf8mb4_unicode_ci DEFAULT NULL,
  `name_staff` varchar(50) COLLATE utf8mb4_unicode_ci DEFAULT NULL,
  PRIMARY KEY (`id`),
  KEY `staff_name_idx` (`name_staff`)
) ENGINE=InnoDB AUTO_INCREMENT=101 DEFAULT CHARSET=utf8mb4 COLLATE=utf8mb4_unicode_ci;
/*!40101 SET character_set_client = @saved_cs_client */;

--
-- Dumping data for table `staff`
--

LOCK TABLES `staff` WRITE;
/*!40000 ALTER TABLE `staff` DISABLE KEYS */;
INSERT INTO `staff` VALUES (1,'earum','cupiditate'),(2,'explicabo','aut'),(3,'et','nisi'),(4,'facilis','iste'),(5,'quisquam','et'),(6,'rerum','officia'),(7,'consequuntur','quos'),(8,'quo','aut'),(9,'nihil','corporis'),(10,'incidunt','et'),(11,'dolores','suscipit'),(12,'sint','enim'),(13,'officia','molestiae'),(14,'quidem','quis'),(15,'cumque','mollitia'),(16,'est','molestiae'),(17,'doloribus','non'),(18,'nemo','sequi'),(19,'non','vitae'),(20,'et','voluptatum'),(21,'quia','architecto'),(22,'sint','voluptate'),(23,'tempora','voluptas'),(24,'possimus','enim'),(25,'quidem','dolor'),(26,'repudiandae','aut'),(27,'voluptas','rem'),(28,'dolorem','harum'),(29,'ratione','facilis'),(30,'totam','aut'),(31,'qui','non'),(32,'quia','error'),(33,'sequi','aliquam'),(34,'et','quasi'),(35,'sapiente','voluptatem'),(36,'id','et'),(37,'qui','excepturi'),(38,'ut','et'),(39,'aliquid','eum'),(40,'nemo','aliquam'),(41,'consequuntur','animi'),(42,'pariatur','reiciendis'),(43,'qui','quidem'),(44,'dolorem','veritatis'),(45,'quam','amet'),(46,'amet','quia'),(47,'ex','natus'),(48,'corrupti','neque'),(49,'eos','voluptatem'),(50,'eius','sed'),(51,'consectetur','ratione'),(52,'at','eum'),(53,'adipisci','soluta'),(54,'delectus','est'),(55,'distinctio','quisquam'),(56,'voluptatibus','autem'),(57,'qui','voluptatem'),(58,'nesciunt','error'),(59,'aut','dicta'),(60,'enim','magni'),(61,'et','excepturi'),(62,'architecto','veniam'),(63,'aut','vel'),(64,'est','praesentium'),(65,'dolores','maxime'),(66,'nihil','eum'),(67,'assumenda','similique'),(68,'quaerat','atque'),(69,'iste','maiores'),(70,'nostrum','a'),(71,'in','dolorem'),(72,'dolores','sapiente'),(73,'earum','quia'),(74,'est','voluptates'),(75,'nobis','est'),(76,'ut','facere'),(77,'quis','modi'),(78,'possimus','iusto'),(79,'ut','dolores'),(80,'laborum','reiciendis'),(81,'sunt','quo'),(82,'dignissimos','aut'),(83,'iusto','aut'),(84,'distinctio','totam'),(85,'illum','voluptatem'),(86,'odio','delectus'),(87,'enim','consectetur'),(88,'dolor','nam'),(89,'blanditiis','autem'),(90,'ut','sit'),(91,'quia','laudantium'),(92,'fuga','alias'),(93,'distinctio','vitae'),(94,'est','et'),(95,'repudiandae','neque'),(96,'rerum','at'),(97,'aliquam','molestias'),(98,'aut','quaerat'),(99,'aliquid','blanditiis'),(100,'numquam','rerum');
/*!40000 ALTER TABLE `staff` ENABLE KEYS */;
UNLOCK TABLES;
/*!40103 SET TIME_ZONE=@OLD_TIME_ZONE */;

/*!40101 SET SQL_MODE=@OLD_SQL_MODE */;
/*!40014 SET FOREIGN_KEY_CHECKS=@OLD_FOREIGN_KEY_CHECKS */;
/*!40014 SET UNIQUE_CHECKS=@OLD_UNIQUE_CHECKS */;
/*!40101 SET CHARACTER_SET_CLIENT=@OLD_CHARACTER_SET_CLIENT */;
/*!40101 SET CHARACTER_SET_RESULTS=@OLD_CHARACTER_SET_RESULTS */;
/*!40101 SET COLLATION_CONNECTION=@OLD_COLLATION_CONNECTION */;
/*!40111 SET SQL_NOTES=@OLD_SQL_NOTES */;

-- Dump completed on 2022-04-07 21:33:53
